run,family,size,solver,seeds,optimal,median_all_seeds,q1_all_solved,q3_all_solved,min_solved,max_solved,status_counts,per_seed
jobshop_seeds,jobshop,7,cbc-bigm,10,10,2.5215,2.1991500000000004,3.369625,1.6007,14.9889,"{""OPTIMAL"": 10}","[{""seed"": 0, ""status"": ""OPTIMAL"", ""proved_optimal"": true, ""runtime_s"": 7.2993, ""objective"": 45, ""source"": null, ""reused_from"": ""long600""}, {""seed"": 1, ""status"": ""OPTIMAL"", ""proved_optimal"": true, ""runtime_s"": 2.4985, ""objective"": 40, ""source"": null, ""reused_from"": ""long600""}, {""seed"": 2, ""status"": ""OPTIMAL"", ""proved_optimal"": true, ""runtime_s"": 2.1793, ""objective"": 40, ""source"": null, ""reused_from"": ""long600""}, {""seed"": 3, ""status"": ""OPTIMAL"", ""proved_optimal"": true, ""runtime_s"": 2.2587, ""objective"": 49, ""source"": null, ""reused_from"": null}, {""seed"": 4, ""status"": ""OPTIMAL"", ""proved_optimal"": true, ""runtime_s"": 3.6352, ""objective"": 41, ""source"": null, ""reused_from"": null}, {""seed"": 5, ""status"": ""OPTIMAL"", ""proved_optimal"": true, ""runtime_s"": 1.6007, ""objective"": 37, ""source"": null, ""reused_from"": null}, {""seed"": 6, ""status"": ""OPTIMAL"", ""proved_optimal"": true, ""runtime_s"": 2.0308, ""objective"": 47, ""source"": null, ""reused_from"": null}, {""seed"": 7, ""status"": ""OPTIMAL"", ""proved_optimal"": true, ""runtime_s"": 2.5729, ""objective"": 48, ""source"": null, ""reused_from"": null}, {""seed"": 8, ""status"": ""OPTIMAL"", ""proved_optimal"": true, ""runtime_s"": 14.9889, ""objective"": 51, ""source"": null, ""reused_from"": null}, {""seed"": 9, ""status"": ""OPTIMAL"", ""proved_optimal"": true, ""runtime_s"": 2.5445, ""objective"": 40, ""source"": null, ""reused_from"": null}]"
jobshop_seeds,jobshop,7,cplex-bigm,10,10,0.18095,0.115175,0.281175,0.064,0.3708,"{""OPTIMAL"": 10}","[{""seed"": 0, ""status"": ""OPTIMAL"", ""proved_optimal"": true, ""runtime_s"": 0.2511, ""objective"": 45, ""source"": null, ""reused_from"": ""long600""}, {""seed"": 1, ""status"": ""OPTIMAL"", ""proved_optimal"": true, ""runtime_s"": 0.1997, ""objective"": 40, ""source"": null, ""reused_from"": ""long600""}, {""seed"": 2, ""status"": ""OPTIMAL"", ""proved_optimal"": true, ""runtime_s"": 0.1574, ""objective"": 40, ""source"": null, ""reused_from"": ""long600""}, {""seed"": 3, ""status"": ""OPTIMAL"", ""proved_optimal"": true, ""runtime_s"": 0.3708, ""objective"": 49, ""source"": null, ""reused_from"": null}, {""seed"": 4, ""status"": ""OPTIMAL"", ""proved_optimal"": true, ""runtime_s"": 0.1011, ""objective"": 41, ""source"": null, ""reused_from"": null}, {""seed"": 5, ""status"": ""OPTIMAL"", ""proved_optimal"": true, ""runtime_s"": 0.0741, ""objective"": 37, ""source"": null, ""reused_from"": null}, {""seed"": 6, ""status"": ""OPTIMAL"", ""proved_optimal"": true, ""runtime_s"": 0.064, ""objective"": 47, ""source"": null, ""reused_from"": null}, {""seed"": 7, ""status"": ""OPTIMAL"", ""proved_optimal"": true, ""runtime_s"": 0.1622, ""objective"": 48, ""source"": null, ""reused_from"": null}, {""seed"": 8, ""status"": ""OPTIMAL"", ""proved_optimal"": true, ""runtime_s"": 0.3018, ""objective"": 51, ""source"": null, ""reused_from"": null}, {""seed"": 9, ""status"": ""OPTIMAL"", ""proved_optimal"": true, ""runtime_s"": 0.2912, ""objective"": 40, ""source"": null, ""reused_from"": null}]"
jobshop_seeds,jobshop,7,cplex-ind,10,10,0.25345,0.209325,0.33355,0.1074,0.3688,"{""OPTIMAL"": 10}","[{""seed"": 0, ""status"": ""OPTIMAL"", ""proved_optimal"": true, ""runtime_s"": 0.3348, ""objective"": 45, ""source"": null, ""reused_from"": ""long600""}, {""seed"": 1, ""status"": ""OPTIMAL"", ""proved_optimal"": true, ""runtime_s"": 0.2166, ""objective"": 40, ""source"": null, ""reused_from"": ""long600""}, {""seed"": 2, ""status"": ""OPTIMAL"", ""proved_optimal"": true, ""runtime_s"": 0.2069, ""objective"": 40, ""source"": null, ""reused_from"": ""long600""}, {""seed"": 3, ""status"": ""OPTIMAL"", ""proved_optimal"": true, ""runtime_s"": 0.3298, ""objective"": 49, ""source"": null, ""reused_from"": null}, {""seed"": 4, ""status"": ""OPTIMAL"", ""proved_optimal"": true, ""runtime_s"": 0.2803, ""objective"": 41, ""source"": null, ""reused_from"": null}, {""seed"": 5, ""status"": ""OPTIMAL"", ""proved_optimal"": true, ""runtime_s"": 0.2266, ""objective"": 37, ""source"": null, ""reused_from"": null}, {""seed"": 6, ""status"": ""OPTIMAL"", ""proved_optimal"": true, ""runtime_s"": 0.1074, ""objective"": 47, ""source"": null, ""reused_from"": null}, {""seed"": 7, ""status"": ""OPTIMAL"", ""proved_optimal"": true, ""runtime_s"": 0.1714, ""objective"": 48, ""source"": null, ""reused_from"": null}, {""seed"": 8, ""status"": ""OPTIMAL"", ""proved_optimal"": true, ""runtime_s"": 0.3535, ""objective"": 51, ""source"": null, ""reused_from"": null}, {""seed"": 9, ""status"": ""OPTIMAL"", ""proved_optimal"": true, ""runtime_s"": 0.3688, ""objective"": 40, ""source"": null, ""reused_from"": null}]"
jobshop_seeds,jobshop,7,cpsat,10,10,0.0045,0.00365,0.00555,0.0033,0.1125,"{""OPTIMAL"": 10}","[{""seed"": 0, ""status"": ""OPTIMAL"", ""proved_optimal"": true, ""runtime_s"": 0.0034, ""objective"": 45, ""source"": null, ""reused_from"": ""long600""}, {""seed"": 1, ""status"": ""OPTIMAL"", ""proved_optimal"": true, ""runtime_s"": 0.0045, ""objective"": 40, ""source"": null, ""reused_from"": ""long600""}, {""seed"": 2, ""status"": ""OPTIMAL"", ""proved_optimal"": true, ""runtime_s"": 0.0045, ""objective"": 40, ""source"": null, ""reused_from"": ""long600""}, {""seed"": 3, ""status"": ""OPTIMAL"", ""proved_optimal"": true, ""runtime_s"": 0.1125, ""objective"": 49, ""source"": null, ""reused_from"": null}, {""seed"": 4, ""status"": ""OPTIMAL"", ""proved_optimal"": true, ""runtime_s"": 0.0045, ""objective"": 41, ""source"": null, ""reused_from"": null}, {""seed"": 5, ""status"": ""OPTIMAL"", ""proved_optimal"": true, ""runtime_s"": 0.008, ""objective"": 37, ""source"": null, ""reused_from"": null}, {""seed"": 6, ""status"": ""OPTIMAL"", ""proved_optimal"": true, ""runtime_s"": 0.0059, ""objective"": 47, ""source"": null, ""reused_from"": null}, {""seed"": 7, ""status"": ""OPTIMAL"", ""proved_optimal"": true, ""runtime_s"": 0.0038, ""objective"": 48, ""source"": null, ""reused_from"": null}, {""seed"": 8, ""status"": ""OPTIMAL"", ""proved_optimal"": true, ""runtime_s"": 0.0033, ""objective"": 51, ""source"": null, ""reused_from"": null}, {""seed"": 9, ""status"": ""OPTIMAL"", ""proved_optimal"": true, ""runtime_s"": 0.0036, ""objective"": 40, ""source"": null, ""reused_from"": null}]"
jobshop_seeds,jobshop,7,gecode,10,10,0.12165000000000001,0.11674999999999999,0.1669,0.1158,0.4199,"{""OPTIMAL"": 10}","[{""seed"": 0, ""status"": ""OPTIMAL"", ""proved_optimal"": true, ""runtime_s"": 0.1164, ""objective"": 45, ""source"": null, ""reused_from"": ""long600""}, {""seed"": 1, ""status"": ""OPTIMAL"", ""proved_optimal"": true, ""runtime_s"": 0.1208, ""objective"": 40, ""source"": null, ""reused_from"": ""long600""}, {""seed"": 2, ""status"": ""OPTIMAL"", ""proved_optimal"": true, ""runtime_s"": 0.1225, ""objective"": 40, ""source"": null, ""reused_from"": ""long600""}, {""seed"": 3, ""status"": ""OPTIMAL"", ""proved_optimal"": true, ""runtime_s"": 0.2162, ""objective"": 49, ""source"": null, ""reused_from"": null}, {""seed"": 4, ""status"": ""OPTIMAL"", ""proved_optimal"": true, ""runtime_s"": 0.1158, ""objective"": 41, ""source"": null, ""reused_from"": null}, {""seed"": 5, ""status"": ""OPTIMAL"", ""proved_optimal"": true, ""runtime_s"": 0.1166, ""objective"": 37, ""source"": null, ""reused_from"": null}, {""seed"": 6, ""status"": ""OPTIMAL"", ""proved_optimal"": true, ""runtime_s"": 0.1172, ""objective"": 47, ""source"": null, ""reused_from"": null}, {""seed"": 7, ""status"": ""OPTIMAL"", ""proved_optimal"": true, ""runtime_s"": 0.1663, ""objective"": 48, ""source"": null, ""reused_from"": null}, {""seed"": 8, ""status"": ""OPTIMAL"", ""proved_optimal"": true, ""runtime_s"": 0.4199, ""objective"": 51, ""source"": null, ""reused_from"": null}, {""seed"": 9, ""status"": ""OPTIMAL"", ""proved_optimal"": true, ""runtime_s"": 0.1671, ""objective"": 40, ""source"": null, ""reused_from"": null}]"
jobshop_seeds,jobshop,7,gurobi-bigm,10,10,0.0942,0.070275,0.1026,0.0365,0.1443,"{""OPTIMAL"": 10}","[{""seed"": 0, ""status"": ""OPTIMAL"", ""proved_optimal"": true, ""runtime_s"": 0.1028, ""objective"": 45, ""source"": null, ""reused_from"": ""long600""}, {""seed"": 1, ""status"": ""OPTIMAL"", ""proved_optimal"": true, ""runtime_s"": 0.0416, ""objective"": 40, ""source"": null, ""reused_from"": ""long600""}, {""seed"": 2, ""status"": ""OPTIMAL"", ""proved_optimal"": true, ""runtime_s"": 0.1018, ""objective"": 40, ""source"": null, ""reused_from"": ""long600""}, {""seed"": 3, ""status"": ""OPTIMAL"", ""proved_optimal"": true, ""runtime_s"": 0.1443, ""objective"": 49, ""source"": null, ""reused_from"": null}, {""seed"": 4, ""status"": ""OPTIMAL"", ""proved_optimal"": true, ""runtime_s"": 0.0866, ""objective"": 41, ""source"": null, ""reused_from"": null}, {""seed"": 5, ""status"": ""OPTIMAL"", ""proved_optimal"": true, ""runtime_s"": 0.0688, ""objective"": 37, ""source"": null, ""reused_from"": null}, {""seed"": 6, ""status"": ""OPTIMAL"", ""proved_optimal"": true, ""runtime_s"": 0.0747, ""objective"": 47, ""source"": null, ""reused_from"": null}, {""seed"": 7, ""status"": ""OPTIMAL"", ""proved_optimal"": true, ""runtime_s"": 0.102, ""objective"": 48, ""source"": null, ""reused_from"": null}, {""seed"": 8, ""status"": ""OPTIMAL"", ""proved_optimal"": true, ""runtime_s"": 0.1342, ""objective"": 51, ""source"": null, ""reused_from"": null}, {""seed"": 9, ""status"": ""OPTIMAL"", ""proved_optimal"": true, ""runtime_s"": 0.0365, ""objective"": 40, ""source"": null, ""reused_from"": null}]"
jobshop_seeds,jobshop,7,gurobi-ind,10,10,0.0509,0.028975,0.066125,0.0091,0.0915,"{""OPTIMAL"": 10}","[{""seed"": 0, ""status"": ""OPTIMAL"", ""proved_optimal"": true, ""runtime_s"": 0.0466, ""objective"": 45, ""source"": null, ""reused_from"": ""long600""}, {""seed"": 1, ""status"": ""OPTIMAL"", ""proved_optimal"": true, ""runtime_s"": 0.0091, ""objective"": 40, ""source"": null, ""reused_from"": ""long600""}, {""seed"": 2, ""status"": ""OPTIMAL"", ""proved_optimal"": true, ""runtime_s"": 0.0563, ""objective"": 40, ""source"": null, ""reused_from"": ""long600""}, {""seed"": 3, ""status"": ""OPTIMAL"", ""proved_optimal"": true, ""runtime_s"": 0.0694, ""objective"": 49, ""source"": null, ""reused_from"": null}, {""seed"": 4, ""status"": ""OPTIMAL"", ""proved_optimal"": true, ""runtime_s"": 0.0552, ""objective"": 41, ""source"": null, ""reused_from"": null}, {""seed"": 5, ""status"": ""OPTIMAL"", ""proved_optimal"": true, ""runtime_s"": 0.0139, ""objective"": 37, ""source"": null, ""reused_from"": null}, {""seed"": 6, ""status"": ""OPTIMAL"", ""proved_optimal"": true, ""runtime_s"": 0.0364, ""objective"": 47, ""source"": null, ""reused_from"": null}, {""seed"": 7, ""status"": ""OPTIMAL"", ""proved_optimal"": true, ""runtime_s"": 0.0915, ""objective"": 48, ""source"": null, ""reused_from"": null}, {""seed"": 8, ""status"": ""OPTIMAL"", ""proved_optimal"": true, ""runtime_s"": 0.0789, ""objective"": 51, ""source"": null, ""reused_from"": null}, {""seed"": 9, ""status"": ""OPTIMAL"", ""proved_optimal"": true, ""runtime_s"": 0.0265, ""objective"": 40, ""source"": null, ""reused_from"": null}]"
jobshop_seeds,jobshop,7,highs-bigm,10,10,1.2088999999999999,1.0633249999999999,1.35145,0.832,2.1719,"{""OPTIMAL"": 10}","[{""seed"": 0, ""status"": ""OPTIMAL"", ""proved_optimal"": true, ""runtime_s"": 1.3741, ""objective"": 45, ""source"": null, ""reused_from"": ""long600""}, {""seed"": 1, ""status"": ""OPTIMAL"", ""proved_optimal"": true, ""runtime_s"": 1.9071, ""objective"": 40, ""source"": null, ""reused_from"": ""long600""}, {""seed"": 2, ""status"": ""OPTIMAL"", ""proved_optimal"": true, ""runtime_s"": 1.0502, ""objective"": 40, ""source"": null, ""reused_from"": ""long600""}, {""seed"": 3, ""status"": ""OPTIMAL"", ""proved_optimal"": true, ""runtime_s"": 1.1027, ""objective"": 49, ""source"": null, ""reused_from"": null}, {""seed"": 4, ""status"": ""OPTIMAL"", ""proved_optimal"": true, ""runtime_s"": 2.1719, ""objective"": 41, ""source"": null, ""reused_from"": null}, {""seed"": 5, ""status"": ""OPTIMAL"", ""proved_optimal"": true, ""runtime_s"": 0.832, ""objective"": 37, ""source"": null, ""reused_from"": null}, {""seed"": 6, ""status"": ""OPTIMAL"", ""proved_optimal"": true, ""runtime_s"": 0.9488, ""objective"": 47, ""source"": null, ""reused_from"": null}, {""seed"": 7, ""status"": ""OPTIMAL"", ""proved_optimal"": true, ""runtime_s"": 1.2101, ""objective"": 48, ""source"": null, ""reused_from"": null}, {""seed"": 8, ""status"": ""OPTIMAL"", ""proved_optimal"": true, ""runtime_s"": 1.2835, ""objective"": 51, ""source"": null, ""reused_from"": null}, {""seed"": 9, ""status"": ""OPTIMAL"", ""proved_optimal"": true, ""runtime_s"": 1.2077, ""objective"": 40, ""source"": null, ""reused_from"": null}]"
jobshop_seeds,jobshop,7,highs-hull,10,9,6.36325,,,2.7125,19.4283,"{""OPTIMAL"": 9, ""ERROR"": 1}","[{""seed"": 0, ""status"": ""OPTIMAL"", ""proved_optimal"": true, ""runtime_s"": 10.4991, ""objective"": 45, ""source"": null, ""reused_from"": ""long600""}, {""seed"": 1, ""status"": ""OPTIMAL"", ""proved_optimal"": true, ""runtime_s"": 11.3122, ""objective"": 40, ""source"": null, ""reused_from"": ""long600""}, {""seed"": 2, ""status"": ""ERROR"", ""proved_optimal"": false, ""runtime_s"": 14.009, ""objective"": null, ""source"": null, ""reused_from"": ""long600""}, {""seed"": 3, ""status"": ""OPTIMAL"", ""proved_optimal"": true, ""runtime_s"": 6.6027, ""objective"": 49, ""source"": null, ""reused_from"": null}, {""seed"": 4, ""status"": ""OPTIMAL"", ""proved_optimal"": true, ""runtime_s"": 5.1489, ""objective"": 41, ""source"": null, ""reused_from"": null}, {""seed"": 5, ""status"": ""OPTIMAL"", ""proved_optimal"": true, ""runtime_s"": 6.1238, ""objective"": 37, ""source"": null, ""reused_from"": null}, {""seed"": 6, ""status"": ""OPTIMAL"", ""proved_optimal"": true, ""runtime_s"": 3.7387, ""objective"": 47, ""source"": null, ""reused_from"": null}, {""seed"": 7, ""status"": ""OPTIMAL"", ""proved_optimal"": true, ""runtime_s"": 2.7125, ""objective"": 48, ""source"": null, ""reused_from"": null}, {""seed"": 8, ""status"": ""OPTIMAL"", ""proved_optimal"": true, ""runtime_s"": 5.5546, ""objective"": 51, ""source"": null, ""reused_from"": null}, {""seed"": 9, ""status"": ""OPTIMAL"", ""proved_optimal"": true, ""runtime_s"": 19.4283, ""objective"": 40, ""source"": null, ""reused_from"": null}]"
jobshop_seeds,jobshop,7,optimathsat,10,10,0.1448,0.11945,0.170075,0.1174,0.2301,"{""OPTIMAL"": 10}","[{""seed"": 0, ""status"": ""OPTIMAL"", ""proved_optimal"": true, ""runtime_s"": 0.1211, ""objective"": 45, ""source"": null, ""reused_from"": ""long600""}, {""seed"": 1, ""status"": ""OPTIMAL"", ""proved_optimal"": true, ""runtime_s"": 0.1174, ""objective"": 40, ""source"": null, ""reused_from"": ""long600""}, {""seed"": 2, ""status"": ""OPTIMAL"", ""proved_optimal"": true, ""runtime_s"": 0.2301, ""objective"": 40, ""source"": null, ""reused_from"": ""long600""}, {""seed"": 3, ""status"": ""OPTIMAL"", ""proved_optimal"": true, ""runtime_s"": 0.1703, ""objective"": 49, ""source"": null, ""reused_from"": null}, {""seed"": 4, ""status"": ""OPTIMAL"", ""proved_optimal"": true, ""runtime_s"": 0.1685, ""objective"": 41, ""source"": null, ""reused_from"": null}, {""seed"": 5, ""status"": ""OPTIMAL"", ""proved_optimal"": true, ""runtime_s"": 0.1192, ""objective"": 37, ""source"": null, ""reused_from"": null}, {""seed"": 6, ""status"": ""OPTIMAL"", ""proved_optimal"": true, ""runtime_s"": 0.1694, ""objective"": 47, ""source"": null, ""reused_from"": null}, {""seed"": 7, ""status"": ""OPTIMAL"", ""proved_optimal"": true, ""runtime_s"": 0.1202, ""objective"": 48, ""source"": null, ""reused_from"": null}, {""seed"": 8, ""status"": ""OPTIMAL"", ""proved_optimal"": true, ""runtime_s"": 0.1715, ""objective"": 51, ""source"": null, ""reused_from"": null}, {""seed"": 9, ""status"": ""OPTIMAL"", ""proved_optimal"": true, ""runtime_s"": 0.1174, ""objective"": 40, ""source"": null, ""reused_from"": null}]"
jobshop_seeds,jobshop,7,scip-bigm,10,10,0.6333,0.29300000000000004,1.3401999999999998,0.153,2.8119,"{""OPTIMAL"": 10}","[{""seed"": 0, ""status"": ""OPTIMAL"", ""proved_optimal"": true, ""runtime_s"": 0.5177, ""objective"": 45, ""source"": null, ""reused_from"": ""long600""}, {""seed"": 1, ""status"": ""OPTIMAL"", ""proved_optimal"": true, ""runtime_s"": 0.5377, ""objective"": 40, ""source"": null, ""reused_from"": ""long600""}, {""seed"": 2, ""status"": ""OPTIMAL"", ""proved_optimal"": true, ""runtime_s"": 0.2181, ""objective"": 40, ""source"": null, ""reused_from"": ""long600""}, {""seed"": 3, ""status"": ""OPTIMAL"", ""proved_optimal"": true, ""runtime_s"": 1.2403, ""objective"": 49, ""source"": null, ""reused_from"": null}, {""seed"": 4, ""status"": ""OPTIMAL"", ""proved_optimal"": true, ""runtime_s"": 1.9258, ""objective"": 41, ""source"": null, ""reused_from"": null}, {""seed"": 5, ""status"": ""OPTIMAL"", ""proved_optimal"": true, ""runtime_s"": 0.153, ""objective"": 37, ""source"": null, ""reused_from"": null}, {""seed"": 6, ""status"": ""OPTIMAL"", ""proved_optimal"": true, ""runtime_s"": 0.1629, ""objective"": 47, ""source"": null, ""reused_from"": null}, {""seed"": 7, ""status"": ""OPTIMAL"", ""proved_optimal"": true, ""runtime_s"": 0.7289, ""objective"": 48, ""source"": null, ""reused_from"": null}, {""seed"": 8, ""status"": ""OPTIMAL"", ""proved_optimal"": true, ""runtime_s"": 2.8119, ""objective"": 51, ""source"": null, ""reused_from"": null}, {""seed"": 9, ""status"": ""OPTIMAL"", ""proved_optimal"": true, ""runtime_s"": 1.3735, ""objective"": 40, ""source"": null, ""reused_from"": null}]"
jobshop_seeds,jobshop,7,z3,10,10,0.1461,0.11665,0.17485,0.1157,0.2178,"{""OPTIMAL"": 10}","[{""seed"": 0, ""status"": ""OPTIMAL"", ""proved_optimal"": true, ""runtime_s"": 0.1186, ""objective"": 45, ""source"": null, ""reused_from"": ""long600""}, {""seed"": 1, ""status"": ""OPTIMAL"", ""proved_optimal"": true, ""runtime_s"": 0.1224, ""objective"": 40, ""source"": null, ""reused_from"": ""long600""}, {""seed"": 2, ""status"": ""OPTIMAL"", ""proved_optimal"": true, ""runtime_s"": 0.1764, ""objective"": 40, ""source"": null, ""reused_from"": ""long600""}, {""seed"": 3, ""status"": ""OPTIMAL"", ""proved_optimal"": true, ""runtime_s"": 0.1698, ""objective"": 49, ""source"": null, ""reused_from"": null}, {""seed"": 4, ""status"": ""OPTIMAL"", ""proved_optimal"": true, ""runtime_s"": 0.2159, ""objective"": 41, ""source"": null, ""reused_from"": null}, {""seed"": 5, ""status"": ""OPTIMAL"", ""proved_optimal"": true, ""runtime_s"": 0.116, ""objective"": 37, ""source"": null, ""reused_from"": null}, {""seed"": 6, ""status"": ""OPTIMAL"", ""proved_optimal"": true, ""runtime_s"": 0.1157, ""objective"": 47, ""source"": null, ""reused_from"": null}, {""seed"": 7, ""status"": ""OPTIMAL"", ""proved_optimal"": true, ""runtime_s"": 0.1158, ""objective"": 48, ""source"": null, ""reused_from"": null}, {""seed"": 8, ""status"": ""OPTIMAL"", ""proved_optimal"": true, ""runtime_s"": 0.1702, ""objective"": 51, ""source"": null, ""reused_from"": null}, {""seed"": 9, ""status"": ""OPTIMAL"", ""proved_optimal"": true, ""runtime_s"": 0.2178, ""objective"": 40, ""source"": null, ""reused_from"": null}]"
jobshop_seeds,jobshop,8,cbc-bigm,10,10,12.8359,6.8691,24.288400000000003,3.0241,298.1978,"{""OPTIMAL"": 10}","[{""seed"": 0, ""status"": ""OPTIMAL"", ""proved_optimal"": true, ""runtime_s"": 7.5642, ""objective"": 54, ""source"": null, ""reused_from"": ""long600""}, {""seed"": 1, ""status"": ""OPTIMAL"", ""proved_optimal"": true, ""runtime_s"": 45.8392, ""objective"": 46, ""source"": null, ""reused_from"": ""long600""}, {""seed"": 2, ""status"": ""OPTIMAL"", ""proved_optimal"": true, ""runtime_s"": 3.5342, ""objective"": 46, ""source"": null, ""reused_from"": ""long600""}, {""seed"": 3, ""status"": ""OPTIMAL"", ""proved_optimal"": true, ""runtime_s"": 11.6508, ""objective"": 55, ""source"": null, ""reused_from"": null}, {""seed"": 4, ""status"": ""OPTIMAL"", ""proved_optimal"": true, ""runtime_s"": 298.1978, ""objective"": 44, ""source"": null, ""reused_from"": null}, {""seed"": 5, ""status"": ""OPTIMAL"", ""proved_optimal"": true, ""runtime_s"": 14.021, ""objective"": 45, ""source"": null, ""reused_from"": null}, {""seed"": 6, ""status"": ""OPTIMAL"", ""proved_optimal"": true, ""runtime_s"": 3.0241, ""objective"": 54, ""source"": null, ""reused_from"": null}, {""seed"": 7, ""status"": ""OPTIMAL"", ""proved_optimal"": true, ""runtime_s"": 19.2697, ""objective"": 55, ""source"": null, ""reused_from"": null}, {""seed"": 8, ""status"": ""OPTIMAL"", ""proved_optimal"": true, ""runtime_s"": 6.6374, ""objective"": 53, ""source"": null, ""reused_from"": null}, {""seed"": 9, ""status"": ""OPTIMAL"", ""proved_optimal"": true, ""runtime_s"": 25.9613, ""objective"": 46, ""source"": null, ""reused_from"": null}]"
jobshop_seeds,jobshop,8,cplex-bigm,10,10,0.6739999999999999,0.51125,0.92165,0.2617,1.3573,"{""OPTIMAL"": 10}","[{""seed"": 0, ""status"": ""OPTIMAL"", ""proved_optimal"": true, ""runtime_s"": 0.7763, ""objective"": 54, ""source"": null, ""reused_from"": ""long600""}, {""seed"": 1, ""status"": ""OPTIMAL"", ""proved_optimal"": true, ""runtime_s"": 0.6263, ""objective"": 46, ""source"": null, ""reused_from"": ""long600""}, {""seed"": 2, ""status"": ""OPTIMAL"", ""proved_optimal"": true, ""runtime_s"": 0.3116, ""objective"": 46, ""source"": null, ""reused_from"": ""long600""}, {""seed"": 3, ""status"": ""OPTIMAL"", ""proved_optimal"": true, ""runtime_s"": 0.9701, ""objective"": 55, ""source"": null, ""reused_from"": null}, {""seed"": 4, ""status"": ""OPTIMAL"", ""proved_optimal"": true, ""runtime_s"": 0.6716, ""objective"": 44, ""source"": null, ""reused_from"": null}, {""seed"": 5, ""status"": ""OPTIMAL"", ""proved_optimal"": true, ""runtime_s"": 0.6764, ""objective"": 45, ""source"": null, ""reused_from"": null}, {""seed"": 6, ""status"": ""OPTIMAL"", ""proved_optimal"": true, ""runtime_s"": 0.2617, ""objective"": 54, ""source"": null, ""reused_from"": null}, {""seed"": 7, ""status"": ""OPTIMAL"", ""proved_optimal"": true, ""runtime_s"": 1.3573, ""objective"": 55, ""source"": null, ""reused_from"": null}, {""seed"": 8, ""status"": ""OPTIMAL"", ""proved_optimal"": true, ""runtime_s"": 0.4729, ""objective"": 53, ""source"": null, ""reused_from"": null}, {""seed"": 9, ""status"": ""OPTIMAL"", ""proved_optimal"": true, ""runtime_s"": 1.1206, ""objective"": 46, ""source"": null, ""reused_from"": null}]"
jobshop_seeds,jobshop,8,cplex-ind,10,10,1.3051,0.9940249999999999,2.331475,0.4141,4.0176,"{""OPTIMAL"": 10}","[{""seed"": 0, ""status"": ""OPTIMAL"", ""proved_optimal"": true, ""runtime_s"": 4.0176, ""objective"": 54, ""source"": null, ""reused_from"": ""long600""}, {""seed"": 1, ""status"": ""OPTIMAL"", ""proved_optimal"": true, ""runtime_s"": 1.2696, ""objective"": 46, ""source"": null, ""reused_from"": ""long600""}, {""seed"": 2, ""status"": ""OPTIMAL"", ""proved_optimal"": true, ""runtime_s"": 0.4141, ""objective"": 46, ""source"": null, ""reused_from"": ""long600""}, {""seed"": 3, ""status"": ""OPTIMAL"", ""proved_optimal"": true, ""runtime_s"": 3.6552, ""objective"": 55, ""source"": null, ""reused_from"": null}, {""seed"": 4, ""status"": ""OPTIMAL"", ""proved_optimal"": true, ""runtime_s"": 1.7131, ""objective"": 44, ""source"": null, ""reused_from"": null}, {""seed"": 5, ""status"": ""OPTIMAL"", ""proved_optimal"": true, ""runtime_s"": 0.9974, ""objective"": 45, ""source"": null, ""reused_from"": null}, {""seed"": 6, ""status"": ""OPTIMAL"", ""proved_optimal"": true, ""runtime_s"": 0.4462, ""objective"": 54, ""source"": null, ""reused_from"": null}, {""seed"": 7, ""status"": ""OPTIMAL"", ""proved_optimal"": true, ""runtime_s"": 2.5376, ""objective"": 55, ""source"": null, ""reused_from"": null}, {""seed"": 8, ""status"": ""OPTIMAL"", ""proved_optimal"": true, ""runtime_s"": 0.9929, ""objective"": 53, ""source"": null, ""reused_from"": null}, {""seed"": 9, ""status"": ""OPTIMAL"", ""proved_optimal"": true, ""runtime_s"": 1.3406, ""objective"": 46, ""source"": null, ""reused_from"": null}]"
jobshop_seeds,jobshop,8,cpsat,10,10,0.0052499999999999995,0.0045249999999999995,0.0056,0.0034,0.0076,"{""OPTIMAL"": 10}","[{""seed"": 0, ""status"": ""OPTIMAL"", ""proved_optimal"": true, ""runtime_s"": 0.0034, ""objective"": 54, ""source"": null, ""reused_from"": ""long600""}, {""seed"": 1, ""status"": ""OPTIMAL"", ""proved_optimal"": true, ""runtime_s"": 0.0049, ""objective"": 46, ""source"": null, ""reused_from"": ""long600""}, {""seed"": 2, ""status"": ""OPTIMAL"", ""proved_optimal"": true, ""runtime_s"": 0.0076, ""objective"": 46, ""source"": null, ""reused_from"": ""long600""}, {""seed"": 3, ""status"": ""OPTIMAL"", ""proved_optimal"": true, ""runtime_s"": 0.0052, ""objective"": 55, ""source"": null, ""reused_from"": null}, {""seed"": 4, ""status"": ""OPTIMAL"", ""proved_optimal"": true, ""runtime_s"": 0.0036, ""objective"": 44, ""source"": null, ""reused_from"": null}, {""seed"": 5, ""status"": ""OPTIMAL"", ""proved_optimal"": true, ""runtime_s"": 0.0053, ""objective"": 45, ""source"": null, ""reused_from"": null}, {""seed"": 6, ""status"": ""OPTIMAL"", ""proved_optimal"": true, ""runtime_s"": 0.0075, ""objective"": 54, ""source"": null, ""reused_from"": null}, {""seed"": 7, ""status"": ""OPTIMAL"", ""proved_optimal"": true, ""runtime_s"": 0.0053, ""objective"": 55, ""source"": null, ""reused_from"": null}, {""seed"": 8, ""status"": ""OPTIMAL"", ""proved_optimal"": true, ""runtime_s"": 0.0057, ""objective"": 53, ""source"": null, ""reused_from"": null}, {""seed"": 9, ""status"": ""OPTIMAL"", ""proved_optimal"": true, ""runtime_s"": 0.0044, ""objective"": 46, ""source"": null, ""reused_from"": null}]"
jobshop_seeds,jobshop,8,gecode,10,10,0.42175,0.22952499999999998,0.6469499999999999,0.1729,0.9205,"{""OPTIMAL"": 10}","[{""seed"": 0, ""status"": ""OPTIMAL"", ""proved_optimal"": true, ""runtime_s"": 0.7464, ""objective"": 54, ""source"": null, ""reused_from"": ""long600""}, {""seed"": 1, ""status"": ""OPTIMAL"", ""proved_optimal"": true, ""runtime_s"": 0.1729, ""objective"": 46, ""source"": null, ""reused_from"": ""long600""}, {""seed"": 2, ""status"": ""OPTIMAL"", ""proved_optimal"": true, ""runtime_s"": 0.1745, ""objective"": 46, ""source"": null, ""reused_from"": ""long600""}, {""seed"": 3, ""status"": ""OPTIMAL"", ""proved_optimal"": true, ""runtime_s"": 0.6717, ""objective"": 55, ""source"": null, ""reused_from"": null}, {""seed"": 4, ""status"": ""OPTIMAL"", ""proved_optimal"": true, ""runtime_s"": 0.2698, ""objective"": 44, ""source"": null, ""reused_from"": null}, {""seed"": 5, ""status"": ""OPTIMAL"", ""proved_optimal"": true, ""runtime_s"": 0.3748, ""objective"": 45, ""source"": null, ""reused_from"": null}, {""seed"": 6, ""status"": ""OPTIMAL"", ""proved_optimal"": true, ""runtime_s"": 0.2161, ""objective"": 54, ""source"": null, ""reused_from"": null}, {""seed"": 7, ""status"": ""OPTIMAL"", ""proved_optimal"": true, ""runtime_s"": 0.9205, ""objective"": 55, ""source"": null, ""reused_from"": null}, {""seed"": 8, ""status"": ""OPTIMAL"", ""proved_optimal"": true, ""runtime_s"": 0.4687, ""objective"": 53, ""source"": null, ""reused_from"": null}, {""seed"": 9, ""status"": ""OPTIMAL"", ""proved_optimal"": true, ""runtime_s"": 0.5727, ""objective"": 46, ""source"": null, ""reused_from"": null}]"
jobshop_seeds,jobshop,8,gurobi-bigm,10,10,0.1481,0.11779999999999999,0.18980000000000002,0.1034,0.6643,"{""OPTIMAL"": 10}","[{""seed"": 0, ""status"": ""OPTIMAL"", ""proved_optimal"": true, ""runtime_s"": 0.1947, ""objective"": 54, ""source"": null, ""reused_from"": ""long600""}, {""seed"": 1, ""status"": ""OPTIMAL"", ""proved_optimal"": true, ""runtime_s"": 0.1163, ""objective"": 46, ""source"": null, ""reused_from"": ""long600""}, {""seed"": 2, ""status"": ""OPTIMAL"", ""proved_optimal"": true, ""runtime_s"": 0.1175, ""objective"": 46, ""source"": null, ""reused_from"": ""long600""}, {""seed"": 3, ""status"": ""OPTIMAL"", ""proved_optimal"": true, ""runtime_s"": 0.162, ""objective"": 55, ""source"": null, ""reused_from"": null}, {""seed"": 4, ""status"": ""OPTIMAL"", ""proved_optimal"": true, ""runtime_s"": 0.1187, ""objective"": 44, ""source"": null, ""reused_from"": null}, {""seed"": 5, ""status"": ""OPTIMAL"", ""proved_optimal"": true, ""runtime_s"": 0.6643, ""objective"": 45, ""source"": null, ""reused_from"": null}, {""seed"": 6, ""status"": ""OPTIMAL"", ""proved_optimal"": true, ""runtime_s"": 0.1034, ""objective"": 54, ""source"": null, ""reused_from"": null}, {""seed"": 7, ""status"": ""OPTIMAL"", ""proved_optimal"": true, ""runtime_s"": 0.1895, ""objective"": 55, ""source"": null, ""reused_from"": null}, {""seed"": 8, ""status"": ""OPTIMAL"", ""proved_optimal"": true, ""runtime_s"": 0.1342, ""objective"": 53, ""source"": null, ""reused_from"": null}, {""seed"": 9, ""status"": ""OPTIMAL"", ""proved_optimal"": true, ""runtime_s"": 0.1899, ""objective"": 46, ""source"": null, ""reused_from"": null}]"
jobshop_seeds,jobshop,8,gurobi-ind,10,10,0.10125,0.068675,0.13145,0.0484,0.4165,"{""OPTIMAL"": 10}","[{""seed"": 0, ""status"": ""OPTIMAL"", ""proved_optimal"": true, ""runtime_s"": 0.0853, ""objective"": 54, ""source"": null, ""reused_from"": ""long600""}, {""seed"": 1, ""status"": ""OPTIMAL"", ""proved_optimal"": true, ""runtime_s"": 0.0776, ""objective"": 46, ""source"": null, ""reused_from"": ""long600""}, {""seed"": 2, ""status"": ""OPTIMAL"", ""proved_optimal"": true, ""runtime_s"": 0.0657, ""objective"": 46, ""source"": null, ""reused_from"": ""long600""}, {""seed"": 3, ""status"": ""OPTIMAL"", ""proved_optimal"": true, ""runtime_s"": 0.1172, ""objective"": 55, ""source"": null, ""reused_from"": null}, {""seed"": 4, ""status"": ""OPTIMAL"", ""proved_optimal"": true, ""runtime_s"": 0.0484, ""objective"": 44, ""source"": null, ""reused_from"": null}, {""seed"": 5, ""status"": ""OPTIMAL"", ""proved_optimal"": true, ""runtime_s"": 0.4165, ""objective"": 45, ""source"": null, ""reused_from"": null}, {""seed"": 6, ""status"": ""OPTIMAL"", ""proved_optimal"": true, ""runtime_s"": 0.0614, ""objective"": 54, ""source"": null, ""reused_from"": null}, {""seed"": 7, ""status"": ""OPTIMAL"", ""proved_optimal"": true, ""runtime_s"": 0.1356, ""objective"": 55, ""source"": null, ""reused_from"": null}, {""seed"": 8, ""status"": ""OPTIMAL"", ""proved_optimal"": true, ""runtime_s"": 0.119, ""objective"": 53, ""source"": null, ""reused_from"": null}, {""seed"": 9, ""status"": ""OPTIMAL"", ""proved_optimal"": true, ""runtime_s"": 0.2426, ""objective"": 46, ""source"": null, ""reused_from"": null}]"
jobshop_seeds,jobshop,8,highs-bigm,10,9,4.7520500000000006,,,1.9506,8.0956,"{""OPTIMAL"": 9, ""ERROR"": 1}","[{""seed"": 0, ""status"": ""OPTIMAL"", ""proved_optimal"": true, ""runtime_s"": 7.5039, ""objective"": 54, ""source"": null, ""reused_from"": ""long600""}, {""seed"": 1, ""status"": ""OPTIMAL"", ""proved_optimal"": true, ""runtime_s"": 4.4497, ""objective"": 46, ""source"": null, ""reused_from"": ""long600""}, {""seed"": 2, ""status"": ""OPTIMAL"", ""proved_optimal"": true, ""runtime_s"": 1.9506, ""objective"": 46, ""source"": null, ""reused_from"": ""long600""}, {""seed"": 3, ""status"": ""OPTIMAL"", ""proved_optimal"": true, ""runtime_s"": 5.0544, ""objective"": 55, ""source"": null, ""reused_from"": null}, {""seed"": 4, ""status"": ""OPTIMAL"", ""proved_optimal"": true, ""runtime_s"": 7.1785, ""objective"": 44, ""source"": null, ""reused_from"": null}, {""seed"": 5, ""status"": ""OPTIMAL"", ""proved_optimal"": true, ""runtime_s"": 3.8628, ""objective"": 45, ""source"": null, ""reused_from"": null}, {""seed"": 6, ""status"": ""OPTIMAL"", ""proved_optimal"": true, ""runtime_s"": 2.9077, ""objective"": 54, ""source"": null, ""reused_from"": null}, {""seed"": 7, ""status"": ""ERROR"", ""proved_optimal"": false, ""runtime_s"": 7.672, ""objective"": null, ""source"": null, ""reused_from"": null}, {""seed"": 8, ""status"": ""OPTIMAL"", ""proved_optimal"": true, ""runtime_s"": 4.0018, ""objective"": 53, ""source"": null, ""reused_from"": null}, {""seed"": 9, ""status"": ""OPTIMAL"", ""proved_optimal"": true, ""runtime_s"": 8.0956, ""objective"": 46, ""source"": null, ""reused_from"": null}]"
jobshop_seeds,jobshop,8,highs-hull,10,10,72.6544,32.606175,91.14102500000001,19.5477,141.2539,"{""OPTIMAL"": 10}","[{""seed"": 0, ""status"": ""OPTIMAL"", ""proved_optimal"": true, ""runtime_s"": 89.1983, ""objective"": 54, ""source"": null, ""reused_from"": ""long600""}, {""seed"": 1, ""status"": ""OPTIMAL"", ""proved_optimal"": true, ""runtime_s"": 45.0789, ""objective"": 46, ""source"": null, ""reused_from"": ""long600""}, {""seed"": 2, ""status"": ""OPTIMAL"", ""proved_optimal"": true, ""runtime_s"": 28.4486, ""objective"": 46, ""source"": null, ""reused_from"": ""long600""}, {""seed"": 3, ""status"": ""OPTIMAL"", ""proved_optimal"": true, ""runtime_s"": 91.7886, ""objective"": 55, ""source"": null, ""reused_from"": null}, {""seed"": 4, ""status"": ""OPTIMAL"", ""proved_optimal"": true, ""runtime_s"": 141.2539, ""objective"": 44, ""source"": null, ""reused_from"": null}, {""seed"": 5, ""status"": ""OPTIMAL"", ""proved_optimal"": true, ""runtime_s"": 75.3817, ""objective"": 45, ""source"": null, ""reused_from"": null}, {""seed"": 6, ""status"": ""OPTIMAL"", ""proved_optimal"": true, ""runtime_s"": 21.2191, ""objective"": 54, ""source"": null, ""reused_from"": null}, {""seed"": 7, ""status"": ""OPTIMAL"", ""proved_optimal"": true, ""runtime_s"": 19.5477, ""objective"": 55, ""source"": null, ""reused_from"": null}, {""seed"": 8, ""status"": ""OPTIMAL"", ""proved_optimal"": true, ""runtime_s"": 69.9271, ""objective"": 53, ""source"": null, ""reused_from"": null}, {""seed"": 9, ""status"": ""OPTIMAL"", ""proved_optimal"": true, ""runtime_s"": 110.3098, ""objective"": 46, ""source"": null, ""reused_from"": null}]"
jobshop_seeds,jobshop,8,optimathsat,10,10,0.3755,0.326475,0.41142500000000004,0.2225,0.5996,"{""OPTIMAL"": 10}","[{""seed"": 0, ""status"": ""OPTIMAL"", ""proved_optimal"": true, ""runtime_s"": 0.5996, ""objective"": 54, ""source"": null, ""reused_from"": ""long600""}, {""seed"": 1, ""status"": ""OPTIMAL"", ""proved_optimal"": true, ""runtime_s"": 0.3309, ""objective"": 46, ""source"": null, ""reused_from"": ""long600""}, {""seed"": 2, ""status"": ""OPTIMAL"", ""proved_optimal"": true, ""runtime_s"": 0.38, ""objective"": 46, ""source"": null, ""reused_from"": ""long600""}, {""seed"": 3, ""status"": ""OPTIMAL"", ""proved_optimal"": true, ""runtime_s"": 0.4219, ""objective"": 55, ""source"": null, ""reused_from"": null}, {""seed"": 4, ""status"": ""OPTIMAL"", ""proved_optimal"": true, ""runtime_s"": 0.3716, ""objective"": 44, ""source"": null, ""reused_from"": null}, {""seed"": 5, ""status"": ""OPTIMAL"", ""proved_optimal"": true, ""runtime_s"": 0.325, ""objective"": 45, ""source"": null, ""reused_from"": null}, {""seed"": 6, ""status"": ""OPTIMAL"", ""proved_optimal"": true, ""runtime_s"": 0.2225, ""objective"": 54, ""source"": null, ""reused_from"": null}, {""seed"": 7, ""status"": ""OPTIMAL"", ""proved_optimal"": true, ""runtime_s"": 0.5238, ""objective"": 55, ""source"": null, ""reused_from"": null}, {""seed"": 8, ""status"": ""OPTIMAL"", ""proved_optimal"": true, ""runtime_s"": 0.3185, ""objective"": 53, ""source"": null, ""reused_from"": null}, {""seed"": 9, ""status"": ""OPTIMAL"", ""proved_optimal"": true, ""runtime_s"": 0.3794, ""objective"": 46, ""source"": null, ""reused_from"": null}]"
jobshop_seeds,jobshop,8,scip-bigm,10,10,6.79085,5.535925000000001,10.148975,1.9322,19.4001,"{""OPTIMAL"": 10}","[{""seed"": 0, ""status"": ""OPTIMAL"", ""proved_optimal"": true, ""runtime_s"": 8.0747, ""objective"": 54, ""source"": null, ""reused_from"": ""long600""}, {""seed"": 1, ""status"": ""OPTIMAL"", ""proved_optimal"": true, ""runtime_s"": 5.2323, ""objective"": 46, ""source"": null, ""reused_from"": ""long600""}, {""seed"": 2, ""status"": ""OPTIMAL"", ""proved_optimal"": true, ""runtime_s"": 1.9322, ""objective"": 46, ""source"": null, ""reused_from"": ""long600""}, {""seed"": 3, ""status"": ""OPTIMAL"", ""proved_optimal"": true, ""runtime_s"": 19.4001, ""objective"": 55, ""source"": null, ""reused_from"": null}, {""seed"": 4, ""status"": ""OPTIMAL"", ""proved_optimal"": true, ""runtime_s"": 10.8404, ""objective"": 44, ""source"": null, ""reused_from"": null}, {""seed"": 5, ""status"": ""OPTIMAL"", ""proved_optimal"": true, ""runtime_s"": 6.4468, ""objective"": 45, ""source"": null, ""reused_from"": null}, {""seed"": 6, ""status"": ""OPTIMAL"", ""proved_optimal"": true, ""runtime_s"": 3.6749, ""objective"": 54, ""source"": null, ""reused_from"": null}, {""seed"": 7, ""status"": ""OPTIMAL"", ""proved_optimal"": true, ""runtime_s"": 6.6156, ""objective"": 55, ""source"": null, ""reused_from"": null}, {""seed"": 8, ""status"": ""OPTIMAL"", ""proved_optimal"": true, ""runtime_s"": 6.9661, ""objective"": 53, ""source"": null, ""reused_from"": null}, {""seed"": 9, ""status"": ""OPTIMAL"", ""proved_optimal"": true, ""runtime_s"": 12.1015, ""objective"": 46, ""source"": null, ""reused_from"": null}]"
jobshop_seeds,jobshop,8,z3,10,10,0.7028,0.483825,0.8571,0.3239,0.9429,"{""OPTIMAL"": 10}","[{""seed"": 0, ""status"": ""OPTIMAL"", ""proved_optimal"": true, ""runtime_s"": 0.6834, ""objective"": 54, ""source"": null, ""reused_from"": ""long600""}, {""seed"": 1, ""status"": ""OPTIMAL"", ""proved_optimal"": true, ""runtime_s"": 0.4387, ""objective"": 46, ""source"": null, ""reused_from"": ""long600""}, {""seed"": 2, ""status"": ""OPTIMAL"", ""proved_optimal"": true, ""runtime_s"": 0.3256, ""objective"": 46, ""source"": null, ""reused_from"": ""long600""}, {""seed"": 3, ""status"": ""OPTIMAL"", ""proved_optimal"": true, ""runtime_s"": 0.8202, ""objective"": 55, ""source"": null, ""reused_from"": null}, {""seed"": 4, ""status"": ""OPTIMAL"", ""proved_optimal"": true, ""runtime_s"": 0.7222, ""objective"": 44, ""source"": null, ""reused_from"": null}, {""seed"": 5, ""status"": ""OPTIMAL"", ""proved_optimal"": true, ""runtime_s"": 0.9429, ""objective"": 45, ""source"": null, ""reused_from"": null}, {""seed"": 6, ""status"": ""OPTIMAL"", ""proved_optimal"": true, ""runtime_s"": 0.3239, ""objective"": 54, ""source"": null, ""reused_from"": null}, {""seed"": 7, ""status"": ""OPTIMAL"", ""proved_optimal"": true, ""runtime_s"": 0.8694, ""objective"": 55, ""source"": null, ""reused_from"": null}, {""seed"": 8, ""status"": ""OPTIMAL"", ""proved_optimal"": true, ""runtime_s"": 0.6192, ""objective"": 53, ""source"": null, ""reused_from"": null}, {""seed"": 9, ""status"": ""OPTIMAL"", ""proved_optimal"": true, ""runtime_s"": 0.934, ""objective"": 46, ""source"": null, ""reused_from"": null}]"
jobshop_seeds,jobshop,9,cbc-bigm,10,9,67.9827,,,20.0287,343.2402,"{""OPTIMAL"": 9, ""TIMEOUT"": 1}","[{""seed"": 0, ""status"": ""OPTIMAL"", ""proved_optimal"": true, ""runtime_s"": 343.2402, ""objective"": 59, ""source"": null, ""reused_from"": ""long600""}, {""seed"": 1, ""status"": ""OPTIMAL"", ""proved_optimal"": true, ""runtime_s"": 20.9989, ""objective"": 52, ""source"": null, ""reused_from"": ""long600""}, {""seed"": 2, ""status"": ""OPTIMAL"", ""proved_optimal"": true, ""runtime_s"": 20.0287, ""objective"": 55, ""source"": null, ""reused_from"": ""long600""}, {""seed"": 3, ""status"": ""OPTIMAL"", ""proved_optimal"": true, ""runtime_s"": 105.1383, ""objective"": 60, ""source"": null, ""reused_from"": null}, {""seed"": 4, ""status"": ""TIMEOUT"", ""proved_optimal"": false, ""runtime_s"": 630.115, ""objective"": null, ""source"": null, ""reused_from"": null}, {""seed"": 5, ""status"": ""OPTIMAL"", ""proved_optimal"": true, ""runtime_s"": 21.464, ""objective"": 53, ""source"": null, ""reused_from"": null}, {""seed"": 6, ""status"": ""OPTIMAL"", ""proved_optimal"": true, ""runtime_s"": 40.0038, ""objective"": 59, ""source"": null, ""reused_from"": null}, {""seed"": 7, ""status"": ""OPTIMAL"", ""proved_optimal"": true, ""runtime_s"": 93.1919, ""objective"": 60, ""source"": null, ""reused_from"": null}, {""seed"": 8, ""status"": ""OPTIMAL"", ""proved_optimal"": true, ""runtime_s"": 50.9766, ""objective"": 58, ""source"": null, ""reused_from"": null}, {""seed"": 9, ""status"": ""OPTIMAL"", ""proved_optimal"": true, ""runtime_s"": 84.9888, ""objective"": 53, ""source"": null, ""reused_from"": null}]"
jobshop_seeds,jobshop,9,cplex-bigm,10,10,8.47975,2.650875,11.412675,0.7983,26.2051,"{""OPTIMAL"": 10}","[{""seed"": 0, ""status"": ""OPTIMAL"", ""proved_optimal"": true, ""runtime_s"": 8.9478, ""objective"": 59, ""source"": null, ""reused_from"": ""long600""}, {""seed"": 1, ""status"": ""OPTIMAL"", ""proved_optimal"": true, ""runtime_s"": 1.4227, ""objective"": 52, ""source"": null, ""reused_from"": ""long600""}, {""seed"": 2, ""status"": ""OPTIMAL"", ""proved_optimal"": true, ""runtime_s"": 0.7983, ""objective"": 55, ""source"": null, ""reused_from"": ""long600""}, {""seed"": 3, ""status"": ""OPTIMAL"", ""proved_optimal"": true, ""runtime_s"": 26.2051, ""objective"": 60, ""source"": null, ""reused_from"": null}, {""seed"": 4, ""status"": ""OPTIMAL"", ""proved_optimal"": true, ""runtime_s"": 24.8026, ""objective"": 49, ""source"": null, ""reused_from"": null}, {""seed"": 5, ""status"": ""OPTIMAL"", ""proved_optimal"": true, ""runtime_s"": 8.0117, ""objective"": 53, ""source"": null, ""reused_from"": null}, {""seed"": 6, ""status"": ""OPTIMAL"", ""proved_optimal"": true, ""runtime_s"": 2.391, ""objective"": 59, ""source"": null, ""reused_from"": null}, {""seed"": 7, ""status"": ""OPTIMAL"", ""proved_optimal"": true, ""runtime_s"": 9.9624, ""objective"": 60, ""source"": null, ""reused_from"": null}, {""seed"": 8, ""status"": ""OPTIMAL"", ""proved_optimal"": true, ""runtime_s"": 3.4305, ""objective"": 58, ""source"": null, ""reused_from"": null}, {""seed"": 9, ""status"": ""OPTIMAL"", ""proved_optimal"": true, ""runtime_s"": 11.8961, ""objective"": 53, ""source"": null, ""reused_from"": null}]"
jobshop_seeds,jobshop,9,cplex-ind,10,10,9.567599999999999,6.62285,13.972275000000002,2.2504,45.3043,"{""OPTIMAL"": 10}","[{""seed"": 0, ""status"": ""OPTIMAL"", ""proved_optimal"": true, ""runtime_s"": 7.7309, ""objective"": 59, ""source"": null, ""reused_from"": ""long600""}, {""seed"": 1, ""status"": ""OPTIMAL"", ""proved_optimal"": true, ""runtime_s"": 14.2863, ""objective"": 52, ""source"": null, ""reused_from"": ""long600""}, {""seed"": 2, ""status"": ""OPTIMAL"", ""proved_optimal"": true, ""runtime_s"": 2.2504, ""objective"": 55, ""source"": null, ""reused_from"": ""long600""}, {""seed"": 3, ""status"": ""OPTIMAL"", ""proved_optimal"": true, ""runtime_s"": 11.4043, ""objective"": 60, ""source"": null, ""reused_from"": null}, {""seed"": 4, ""status"": ""OPTIMAL"", ""proved_optimal"": true, ""runtime_s"": 28.2805, ""objective"": 49, ""source"": null, ""reused_from"": null}, {""seed"": 5, ""status"": ""OPTIMAL"", ""proved_optimal"": true, ""runtime_s"": 6.4528, ""objective"": 53, ""source"": null, ""reused_from"": null}, {""seed"": 6, ""status"": ""OPTIMAL"", ""proved_optimal"": true, ""runtime_s"": 3.7369, ""objective"": 59, ""source"": null, ""reused_from"": null}, {""seed"": 7, ""status"": ""OPTIMAL"", ""proved_optimal"": true, ""runtime_s"": 13.0302, ""objective"": 60, ""source"": null, ""reused_from"": null}, {""seed"": 8, ""status"": ""OPTIMAL"", ""proved_optimal"": true, ""runtime_s"": 7.133, ""objective"": 58, ""source"": null, ""reused_from"": null}, {""seed"": 9, ""status"": ""OPTIMAL"", ""proved_optimal"": true, ""runtime_s"": 45.3043, ""objective"": 53, ""source"": null, ""reused_from"": null}]"
jobshop_seeds,jobshop,9,cpsat,10,10,0.006,0.004425,0.009,0.0035,0.0856,"{""OPTIMAL"": 10}","[{""seed"": 0, ""status"": ""OPTIMAL"", ""proved_optimal"": true, ""runtime_s"": 0.004, ""objective"": 59, ""source"": null, ""reused_from"": ""long600""}, {""seed"": 1, ""status"": ""OPTIMAL"", ""proved_optimal"": true, ""runtime_s"": 0.0054, ""objective"": 52, ""source"": null, ""reused_from"": ""long600""}, {""seed"": 2, ""status"": ""OPTIMAL"", ""proved_optimal"": true, ""runtime_s"": 0.009, ""objective"": 55, ""source"": null, ""reused_from"": ""long600""}, {""seed"": 3, ""status"": ""OPTIMAL"", ""proved_optimal"": true, ""runtime_s"": 0.0856, ""objective"": 60, ""source"": null, ""reused_from"": null}, {""seed"": 4, ""status"": ""OPTIMAL"", ""proved_optimal"": true, ""runtime_s"": 0.0048, ""objective"": 49, ""source"": null, ""reused_from"": null}, {""seed"": 5, ""status"": ""OPTIMAL"", ""proved_optimal"": true, ""runtime_s"": 0.0066, ""objective"": 53, ""source"": null, ""reused_from"": null}, {""seed"": 6, ""status"": ""OPTIMAL"", ""proved_optimal"": true, ""runtime_s"": 0.009, ""objective"": 59, ""source"": null, ""reused_from"": null}, {""seed"": 7, ""status"": ""OPTIMAL"", ""proved_optimal"": true, ""runtime_s"": 0.0043, ""objective"": 60, ""source"": null, ""reused_from"": null}, {""seed"": 8, ""status"": ""OPTIMAL"", ""proved_optimal"": true, ""runtime_s"": 0.0035, ""objective"": 58, ""source"": null, ""reused_from"": null}, {""seed"": 9, ""status"": ""OPTIMAL"", ""proved_optimal"": true, ""runtime_s"": 0.0117, ""objective"": 53, ""source"": null, ""reused_from"": null}]"
jobshop_seeds,jobshop,9,gecode,10,10,3.8747999999999996,1.534675,8.62595,0.8176,11.8974,"{""OPTIMAL"": 10}","[{""seed"": 0, ""status"": ""OPTIMAL"", ""proved_optimal"": true, ""runtime_s"": 9.2054, ""objective"": 59, ""source"": null, ""reused_from"": ""long600""}, {""seed"": 1, ""status"": ""OPTIMAL"", ""proved_optimal"": true, ""runtime_s"": 1.0708, ""objective"": 52, ""source"": null, ""reused_from"": ""long600""}, {""seed"": 2, ""status"": ""OPTIMAL"", ""proved_optimal"": true, ""runtime_s"": 0.8176, ""objective"": 55, ""source"": null, ""reused_from"": ""long600""}, {""seed"": 3, ""status"": ""OPTIMAL"", ""proved_optimal"": true, ""runtime_s"": 5.076, ""objective"": 60, ""source"": null, ""reused_from"": null}, {""seed"": 4, ""status"": ""OPTIMAL"", ""proved_optimal"": true, ""runtime_s"": 1.2693, ""objective"": 49, ""source"": null, ""reused_from"": null}, {""seed"": 5, ""status"": ""OPTIMAL"", ""proved_optimal"": true, ""runtime_s"": 2.6736, ""objective"": 53, ""source"": null, ""reused_from"": null}, {""seed"": 6, ""status"": ""OPTIMAL"", ""proved_optimal"": true, ""runtime_s"": 11.7217, ""objective"": 59, ""source"": null, ""reused_from"": null}, {""seed"": 7, ""status"": ""OPTIMAL"", ""proved_optimal"": true, ""runtime_s"": 6.8876, ""objective"": 60, ""source"": null, ""reused_from"": null}, {""seed"": 8, ""status"": ""OPTIMAL"", ""proved_optimal"": true, ""runtime_s"": 2.3308, ""objective"": 58, ""source"": null, ""reused_from"": null}, {""seed"": 9, ""status"": ""OPTIMAL"", ""proved_optimal"": true, ""runtime_s"": 11.8974, ""objective"": 53, ""source"": null, ""reused_from"": null}]"
jobshop_seeds,jobshop,9,gurobi-bigm,10,10,0.45085,0.24127500000000002,0.5710000000000001,0.1589,1.4467,"{""OPTIMAL"": 10}","[{""seed"": 0, ""status"": ""OPTIMAL"", ""proved_optimal"": true, ""runtime_s"": 0.321, ""objective"": 59, ""source"": null, ""reused_from"": ""long600""}, {""seed"": 1, ""status"": ""OPTIMAL"", ""proved_optimal"": true, ""runtime_s"": 0.1589, ""objective"": 52, ""source"": null, ""reused_from"": ""long600""}, {""seed"": 2, ""status"": ""OPTIMAL"", ""proved_optimal"": true, ""runtime_s"": 1.4467, ""objective"": 55, ""source"": null, ""reused_from"": ""long600""}, {""seed"": 3, ""status"": ""OPTIMAL"", ""proved_optimal"": true, ""runtime_s"": 0.5695, ""objective"": 60, ""source"": null, ""reused_from"": null}, {""seed"": 4, ""status"": ""OPTIMAL"", ""proved_optimal"": true, ""runtime_s"": 0.2147, ""objective"": 49, ""source"": null, ""reused_from"": null}, {""seed"": 5, ""status"": ""OPTIMAL"", ""proved_optimal"": true, ""runtime_s"": 1.2065, ""objective"": 53, ""source"": null, ""reused_from"": null}, {""seed"": 6, ""status"": ""OPTIMAL"", ""proved_optimal"": true, ""runtime_s"": 0.5715, ""objective"": 59, ""source"": null, ""reused_from"": null}, {""seed"": 7, ""status"": ""OPTIMAL"", ""proved_optimal"": true, ""runtime_s"": 0.5251, ""objective"": 60, ""source"": null, ""reused_from"": null}, {""seed"": 8, ""status"": ""OPTIMAL"", ""proved_optimal"": true, ""runtime_s"": 0.3766, ""objective"": 58, ""source"": null, ""reused_from"": null}, {""seed"": 9, ""status"": ""OPTIMAL"", ""proved_optimal"": true, ""runtime_s"": 0.1612, ""objective"": 53, ""source"": null, ""reused_from"": null}]"
jobshop_seeds,jobshop,9,gurobi-ind,10,10,0.2475,0.14882499999999999,0.43789999999999996,0.0776,1.4124,"{""OPTIMAL"": 10}","[{""seed"": 0, ""status"": ""OPTIMAL"", ""proved_optimal"": true, ""runtime_s"": 0.2905, ""objective"": 59, ""source"": null, ""reused_from"": ""long600""}, {""seed"": 1, ""status"": ""OPTIMAL"", ""proved_optimal"": true, ""runtime_s"": 0.193, ""objective"": 52, ""source"": null, ""reused_from"": ""long600""}, {""seed"": 2, ""status"": ""OPTIMAL"", ""proved_optimal"": true, ""runtime_s"": 1.3124, ""objective"": 55, ""source"": null, ""reused_from"": ""long600""}, {""seed"": 3, ""status"": ""OPTIMAL"", ""proved_optimal"": true, ""runtime_s"": 0.3131, ""objective"": 60, ""source"": null, ""reused_from"": null}, {""seed"": 4, ""status"": ""OPTIMAL"", ""proved_optimal"": true, ""runtime_s"": 0.0776, ""objective"": 49, ""source"": null, ""reused_from"": null}, {""seed"": 5, ""status"": ""OPTIMAL"", ""proved_optimal"": true, ""runtime_s"": 1.4124, ""objective"": 53, ""source"": null, ""reused_from"": null}, {""seed"": 6, ""status"": ""OPTIMAL"", ""proved_optimal"": true, ""runtime_s"": 0.4795, ""objective"": 59, ""source"": null, ""reused_from"": null}, {""seed"": 7, ""status"": ""OPTIMAL"", ""proved_optimal"": true, ""runtime_s"": 0.2045, ""objective"": 60, ""source"": null, ""reused_from"": null}, {""seed"": 8, ""status"": ""OPTIMAL"", ""proved_optimal"": true, ""runtime_s"": 0.1341, ""objective"": 58, ""source"": null, ""reused_from"": null}, {""seed"": 9, ""status"": ""OPTIMAL"", ""proved_optimal"": true, ""runtime_s"": 0.1014, ""objective"": 53, ""source"": null, ""reused_from"": null}]"
jobshop_seeds,jobshop,9,highs-bigm,10,9,58.429500000000004,,,31.2337,94.6082,"{""OPTIMAL"": 9, ""ERROR"": 1}","[{""seed"": 0, ""status"": ""OPTIMAL"", ""proved_optimal"": true, ""runtime_s"": 94.6082, ""objective"": 59, ""source"": null, ""reused_from"": ""long600""}, {""seed"": 1, ""status"": ""OPTIMAL"", ""proved_optimal"": true, ""runtime_s"": 41.9003, ""objective"": 52, ""source"": null, ""reused_from"": ""long600""}, {""seed"": 2, ""status"": ""ERROR"", ""proved_optimal"": false, ""runtime_s"": 8.009, ""objective"": null, ""source"": null, ""reused_from"": ""long600""}, {""seed"": 3, ""status"": ""OPTIMAL"", ""proved_optimal"": true, ""runtime_s"": 53.9323, ""objective"": 60, ""source"": null, ""reused_from"": null}, {""seed"": 4, ""status"": ""OPTIMAL"", ""proved_optimal"": true, ""runtime_s"": 37.6826, ""objective"": 49, ""source"": null, ""reused_from"": null}, {""seed"": 5, ""status"": ""OPTIMAL"", ""proved_optimal"": true, ""runtime_s"": 58.1077, ""objective"": 53, ""source"": null, ""reused_from"": null}, {""seed"": 6, ""status"": ""OPTIMAL"", ""proved_optimal"": true, ""runtime_s"": 92.1761, ""objective"": 59, ""source"": null, ""reused_from"": null}, {""seed"": 7, ""status"": ""OPTIMAL"", ""proved_optimal"": true, ""runtime_s"": 58.7513, ""objective"": 60, ""source"": null, ""reused_from"": null}, {""seed"": 8, ""status"": ""OPTIMAL"", ""proved_optimal"": true, ""runtime_s"": 31.2337, ""objective"": 58, ""source"": null, ""reused_from"": null}, {""seed"": 9, ""status"": ""OPTIMAL"", ""proved_optimal"": true, ""runtime_s"": 68.0204, ""objective"": 53, ""source"": null, ""reused_from"": null}]"
jobshop_seeds,jobshop,9,highs-hull,10,2,inf,,,113.5528,203.8644,"{""ERROR"": 3, ""OPTIMAL"": 2, ""SAT"": 5}","[{""seed"": 0, ""status"": ""ERROR"", ""proved_optimal"": false, ""runtime_s"": 182.541, ""objective"": null, ""source"": null, ""reused_from"": ""long600""}, {""seed"": 1, ""status"": ""ERROR"", ""proved_optimal"": false, ""runtime_s"": 189.247, ""objective"": null, ""source"": null, ""reused_from"": ""long600""}, {""seed"": 2, ""status"": ""OPTIMAL"", ""proved_optimal"": true, ""runtime_s"": 203.8644, ""objective"": 55, ""source"": null, ""reused_from"": ""long600""}, {""seed"": 3, ""status"": ""ERROR"", ""proved_optimal"": false, ""runtime_s"": 10.21, ""objective"": null, ""source"": null, ""reused_from"": null}, {""seed"": 4, ""status"": ""SAT"", ""proved_optimal"": false, ""runtime_s"": 600.7743, ""objective"": 49, ""source"": null, ""reused_from"": null}, {""seed"": 5, ""status"": ""SAT"", ""proved_optimal"": false, ""runtime_s"": 601.1139, ""objective"": 53, ""source"": null, ""reused_from"": null}, {""seed"": 6, ""status"": ""SAT"", ""proved_optimal"": false, ""runtime_s"": 600.7944, ""objective"": 59, ""source"": null, ""reused_from"": null}, {""seed"": 7, ""status"": ""OPTIMAL"", ""proved_optimal"": true, ""runtime_s"": 113.5528, ""objective"": 60, ""source"": null, ""reused_from"": null}, {""seed"": 8, ""status"": ""SAT"", ""proved_optimal"": false, ""runtime_s"": 600.8785, ""objective"": 58, ""source"": null, ""reused_from"": null}, {""seed"": 9, ""status"": ""SAT"", ""proved_optimal"": false, ""runtime_s"": 601.8158, ""objective"": 53, ""source"": null, ""reused_from"": null}]"
jobshop_seeds,jobshop,9,optimathsat,10,10,2.1144,1.9193500000000001,3.4194,1.3312,4.696,"{""OPTIMAL"": 10}","[{""seed"": 0, ""status"": ""OPTIMAL"", ""proved_optimal"": true, ""runtime_s"": 4.696, ""objective"": 59, ""source"": null, ""reused_from"": ""long600""}, {""seed"": 1, ""status"": ""OPTIMAL"", ""proved_optimal"": true, ""runtime_s"": 1.3312, ""objective"": 52, ""source"": null, ""reused_from"": ""long600""}, {""seed"": 2, ""status"": ""OPTIMAL"", ""proved_optimal"": true, ""runtime_s"": 1.5098, ""objective"": 55, ""source"": null, ""reused_from"": ""long600""}, {""seed"": 3, ""status"": ""OPTIMAL"", ""proved_optimal"": true, ""runtime_s"": 2.0527, ""objective"": 60, ""source"": null, ""reused_from"": null}, {""seed"": 4, ""status"": ""OPTIMAL"", ""proved_optimal"": true, ""runtime_s"": 2.0539, ""objective"": 49, ""source"": null, ""reused_from"": null}, {""seed"": 5, ""status"": ""OPTIMAL"", ""proved_optimal"": true, ""runtime_s"": 1.8749, ""objective"": 53, ""source"": null, ""reused_from"": null}, {""seed"": 6, ""status"": ""OPTIMAL"", ""proved_optimal"": true, ""runtime_s"": 4.4358, ""objective"": 59, ""source"": null, ""reused_from"": null}, {""seed"": 7, ""status"": ""OPTIMAL"", ""proved_optimal"": true, ""runtime_s"": 2.1749, ""objective"": 60, ""source"": null, ""reused_from"": null}, {""seed"": 8, ""status"": ""OPTIMAL"", ""proved_optimal"": true, ""runtime_s"": 3.6293, ""objective"": 58, ""source"": null, ""reused_from"": null}, {""seed"": 9, ""status"": ""OPTIMAL"", ""proved_optimal"": true, ""runtime_s"": 2.7897, ""objective"": 53, ""source"": null, ""reused_from"": null}]"
jobshop_seeds,jobshop,9,scip-bigm,10,8,259.6406,,,11.1469,505.5019,"{""OPTIMAL"": 8, ""TIMEOUT"": 1, ""SAT"": 1}","[{""seed"": 0, ""status"": ""OPTIMAL"", ""proved_optimal"": true, ""runtime_s"": 505.5019, ""objective"": 59, ""source"": null, ""reused_from"": ""long600""}, {""seed"": 1, ""status"": ""OPTIMAL"", ""proved_optimal"": true, ""runtime_s"": 17.6854, ""objective"": 52, ""source"": null, ""reused_from"": ""long600""}, {""seed"": 2, ""status"": ""OPTIMAL"", ""proved_optimal"": true, ""runtime_s"": 11.1469, ""objective"": 55, ""source"": null, ""reused_from"": ""long600""}, {""seed"": 3, ""status"": ""TIMEOUT"", ""proved_optimal"": false, ""runtime_s"": 630.158, ""objective"": null, ""source"": null, ""reused_from"": null}, {""seed"": 4, ""status"": ""OPTIMAL"", ""proved_optimal"": true, ""runtime_s"": 451.6563, ""objective"": 49, ""source"": null, ""reused_from"": null}, {""seed"": 5, ""status"": ""OPTIMAL"", ""proved_optimal"": true, ""runtime_s"": 271.1635, ""objective"": 53, ""source"": null, ""reused_from"": null}, {""seed"": 6, ""status"": ""OPTIMAL"", ""proved_optimal"": true, ""runtime_s"": 67.5486, ""objective"": 59, ""source"": null, ""reused_from"": null}, {""seed"": 7, ""status"": ""OPTIMAL"", ""proved_optimal"": true, ""runtime_s"": 248.1177, ""objective"": 60, ""source"": null, ""reused_from"": null}, {""seed"": 8, ""status"": ""OPTIMAL"", ""proved_optimal"": true, ""runtime_s"": 148.6794, ""objective"": 58, ""source"": null, ""reused_from"": null}, {""seed"": 9, ""status"": ""SAT"", ""proved_optimal"": false, ""runtime_s"": 600.4255, ""objective"": 53, ""source"": null, ""reused_from"": null}]"
jobshop_seeds,jobshop,9,z3,10,10,4.9825,2.9173750000000003,6.761025,2.1219,38.5694,"{""OPTIMAL"": 10}","[{""seed"": 0, ""status"": ""OPTIMAL"", ""proved_optimal"": true, ""runtime_s"": 5.4702, ""objective"": 59, ""source"": null, ""reused_from"": ""long600""}, {""seed"": 1, ""status"": ""OPTIMAL"", ""proved_optimal"": true, ""runtime_s"": 2.5214, ""objective"": 52, ""source"": null, ""reused_from"": ""long600""}, {""seed"": 2, ""status"": ""OPTIMAL"", ""proved_optimal"": true, ""runtime_s"": 2.6135, ""objective"": 55, ""source"": null, ""reused_from"": ""long600""}, {""seed"": 3, ""status"": ""OPTIMAL"", ""proved_optimal"": true, ""runtime_s"": 38.5694, ""objective"": 60, ""source"": null, ""reused_from"": null}, {""seed"": 4, ""status"": ""OPTIMAL"", ""proved_optimal"": true, ""runtime_s"": 4.4948, ""objective"": 49, ""source"": null, ""reused_from"": null}, {""seed"": 5, ""status"": ""OPTIMAL"", ""proved_optimal"": true, ""runtime_s"": 3.829, ""objective"": 53, ""source"": null, ""reused_from"": null}, {""seed"": 6, ""status"": ""OPTIMAL"", ""proved_optimal"": true, ""runtime_s"": 7.3019, ""objective"": 59, ""source"": null, ""reused_from"": null}, {""seed"": 7, ""status"": ""OPTIMAL"", ""proved_optimal"": true, ""runtime_s"": 6.7874, ""objective"": 60, ""source"": null, ""reused_from"": null}, {""seed"": 8, ""status"": ""OPTIMAL"", ""proved_optimal"": true, ""runtime_s"": 2.1219, ""objective"": 58, ""source"": null, ""reused_from"": null}, {""seed"": 9, ""status"": ""OPTIMAL"", ""proved_optimal"": true, ""runtime_s"": 6.6819, ""objective"": 53, ""source"": null, ""reused_from"": null}]"
jobshop_seeds,jobshop,10,cbc-bigm,10,5,inf,,,163.6643,516.2007,"{""TIMEOUT"": 5, ""OPTIMAL"": 5}","[{""seed"": 0, ""status"": ""TIMEOUT"", ""proved_optimal"": false, ""runtime_s"": 630.184, ""objective"": null, ""source"": null, ""reused_from"": ""long600""}, {""seed"": 1, ""status"": ""OPTIMAL"", ""proved_optimal"": true, ""runtime_s"": 516.2007, ""objective"": 60, ""source"": null, ""reused_from"": ""long600""}, {""seed"": 2, ""status"": ""OPTIMAL"", ""proved_optimal"": true, ""runtime_s"": 290.2908, ""objective"": 61, ""source"": null, ""reused_from"": ""long600""}, {""seed"": 3, ""status"": ""OPTIMAL"", ""proved_optimal"": true, ""runtime_s"": 360.3768, ""objective"": 67, ""source"": null, ""reused_from"": null}, {""seed"": 4, ""status"": ""TIMEOUT"", ""proved_optimal"": false, ""runtime_s"": 630.113, ""objective"": null, ""source"": null, ""reused_from"": null}, {""seed"": 5, ""status"": ""TIMEOUT"", ""proved_optimal"": false, ""runtime_s"": 630.171, ""objective"": null, ""source"": null, ""reused_from"": null}, {""seed"": 6, ""status"": ""OPTIMAL"", ""proved_optimal"": true, ""runtime_s"": 163.6643, ""objective"": 64, ""source"": null, ""reused_from"": null}, {""seed"": 7, ""status"": ""TIMEOUT"", ""proved_optimal"": false, ""runtime_s"": 630.124, ""objective"": null, ""source"": null, ""reused_from"": null}, {""seed"": 8, ""status"": ""OPTIMAL"", ""proved_optimal"": true, ""runtime_s"": 312.7815, ""objective"": 63, ""source"": null, ""reused_from"": null}, {""seed"": 9, ""status"": ""TIMEOUT"", ""proved_optimal"": false, ""runtime_s"": 630.02, ""objective"": null, ""source"": null, ""reused_from"": null}]"
jobshop_seeds,jobshop,10,cplex-bigm,10,10,72.24095,43.119299999999996,208.99875000000003,9.821,272.446,"{""OPTIMAL"": 10}","[{""seed"": 0, ""status"": ""OPTIMAL"", ""proved_optimal"": true, ""runtime_s"": 58.113, ""objective"": 68, ""source"": null, ""reused_from"": ""long600""}, {""seed"": 1, ""status"": ""OPTIMAL"", ""proved_optimal"": true, ""runtime_s"": 86.3689, ""objective"": 60, ""source"": null, ""reused_from"": ""long600""}, {""seed"": 2, ""status"": ""OPTIMAL"", ""proved_optimal"": true, ""runtime_s"": 46.5621, ""objective"": 61, ""source"": null, ""reused_from"": ""long600""}, {""seed"": 3, ""status"": ""OPTIMAL"", ""proved_optimal"": true, ""runtime_s"": 272.446, ""objective"": 67, ""source"": null, ""reused_from"": null}, {""seed"": 4, ""status"": ""OPTIMAL"", ""proved_optimal"": true, ""runtime_s"": 269.4376, ""objective"": 57, ""source"": null, ""reused_from"": null}, {""seed"": 5, ""status"": ""OPTIMAL"", ""proved_optimal"": true, ""runtime_s"": 152.3739, ""objective"": 59, ""source"": null, ""reused_from"": null}, {""seed"": 6, ""status"": ""OPTIMAL"", ""proved_optimal"": true, ""runtime_s"": 9.821, ""objective"": 64, ""source"": null, ""reused_from"": null}, {""seed"": 7, ""status"": ""OPTIMAL"", ""proved_optimal"": true, ""runtime_s"": 227.8737, ""objective"": 64, ""source"": null, ""reused_from"": null}, {""seed"": 8, ""status"": ""OPTIMAL"", ""proved_optimal"": true, ""runtime_s"": 41.9717, ""objective"": 63, ""source"": null, ""reused_from"": null}, {""seed"": 9, ""status"": ""OPTIMAL"", ""proved_optimal"": true, ""runtime_s"": 40.9053, ""objective"": 61, ""source"": null, ""reused_from"": null}]"
jobshop_seeds,jobshop,10,cplex-ind,10,9,170.6069,,,19.3159,340.708,"{""OPTIMAL"": 9, ""SAT"": 1}","[{""seed"": 0, ""status"": ""OPTIMAL"", ""proved_optimal"": true, ""runtime_s"": 219.6276, ""objective"": 68, ""source"": null, ""reused_from"": ""long600""}, {""seed"": 1, ""status"": ""OPTIMAL"", ""proved_optimal"": true, ""runtime_s"": 340.708, ""objective"": 60, ""source"": null, ""reused_from"": ""long600""}, {""seed"": 2, ""status"": ""OPTIMAL"", ""proved_optimal"": true, ""runtime_s"": 25.9392, ""objective"": 61, ""source"": null, ""reused_from"": ""long600""}, {""seed"": 3, ""status"": ""OPTIMAL"", ""proved_optimal"": true, ""runtime_s"": 201.779, ""objective"": 67, ""source"": null, ""reused_from"": null}, {""seed"": 4, ""status"": ""SAT"", ""proved_optimal"": false, ""runtime_s"": 600.0035, ""objective"": 57, ""source"": null, ""reused_from"": null}, {""seed"": 5, ""status"": ""OPTIMAL"", ""proved_optimal"": true, ""runtime_s"": 139.4348, ""objective"": 59, ""source"": null, ""reused_from"": null}, {""seed"": 6, ""status"": ""OPTIMAL"", ""proved_optimal"": true, ""runtime_s"": 19.3159, ""objective"": 64, ""source"": null, ""reused_from"": null}, {""seed"": 7, ""status"": ""OPTIMAL"", ""proved_optimal"": true, ""runtime_s"": 81.5925, ""objective"": 64, ""source"": null, ""reused_from"": null}, {""seed"": 8, ""status"": ""OPTIMAL"", ""proved_optimal"": true, ""runtime_s"": 107.7857, ""objective"": 63, ""source"": null, ""reused_from"": null}, {""seed"": 9, ""status"": ""OPTIMAL"", ""proved_optimal"": true, ""runtime_s"": 264.384, ""objective"": 61, ""source"": null, ""reused_from"": null}]"
jobshop_seeds,jobshop,10,cpsat,10,10,0.01195,0.00565,0.026775,0.0038,0.0371,"{""OPTIMAL"": 10}","[{""seed"": 0, ""status"": ""OPTIMAL"", ""proved_optimal"": true, ""runtime_s"": 0.0039, ""objective"": 68, ""source"": null, ""reused_from"": ""long600""}, {""seed"": 1, ""status"": ""OPTIMAL"", ""proved_optimal"": true, ""runtime_s"": 0.0054, ""objective"": 60, ""source"": null, ""reused_from"": ""long600""}, {""seed"": 2, ""status"": ""OPTIMAL"", ""proved_optimal"": true, ""runtime_s"": 0.0067, ""objective"": 61, ""source"": null, ""reused_from"": ""long600""}, {""seed"": 3, ""status"": ""OPTIMAL"", ""proved_optimal"": true, ""runtime_s"": 0.0064, ""objective"": 67, ""source"": null, ""reused_from"": null}, {""seed"": 4, ""status"": ""OPTIMAL"", ""proved_optimal"": true, ""runtime_s"": 0.0038, ""objective"": 57, ""source"": null, ""reused_from"": null}, {""seed"": 5, ""status"": ""OPTIMAL"", ""proved_optimal"": true, ""runtime_s"": 0.0172, ""objective"": 59, ""source"": null, ""reused_from"": null}, {""seed"": 6, ""status"": ""OPTIMAL"", ""proved_optimal"": true, ""runtime_s"": 0.0189, ""objective"": 64, ""source"": null, ""reused_from"": null}, {""seed"": 7, ""status"": ""OPTIMAL"", ""proved_optimal"": true, ""runtime_s"": 0.0294, ""objective"": 64, ""source"": null, ""reused_from"": null}, {""seed"": 8, ""status"": ""OPTIMAL"", ""proved_optimal"": true, ""runtime_s"": 0.0371, ""objective"": 63, ""source"": null, ""reused_from"": null}, {""seed"": 9, ""status"": ""OPTIMAL"", ""proved_optimal"": true, ""runtime_s"": 0.0297, ""objective"": 61, ""source"": null, ""reused_from"": null}]"
jobshop_seeds,jobshop,10,gecode,10,10,88.70259999999999,34.391025,134.96597500000001,9.2669,388.1067,"{""OPTIMAL"": 10}","[{""seed"": 0, ""status"": ""OPTIMAL"", ""proved_optimal"": true, ""runtime_s"": 388.1067, ""objective"": 68, ""source"": null, ""reused_from"": ""long600""}, {""seed"": 1, ""status"": ""OPTIMAL"", ""proved_optimal"": true, ""runtime_s"": 23.5885, ""objective"": 60, ""source"": null, ""reused_from"": ""long600""}, {""seed"": 2, ""status"": ""OPTIMAL"", ""proved_optimal"": true, ""runtime_s"": 9.2669, ""objective"": 61, ""source"": null, ""reused_from"": ""long600""}, {""seed"": 3, ""status"": ""OPTIMAL"", ""proved_optimal"": true, ""runtime_s"": 139.4634, ""objective"": 67, ""source"": null, ""reused_from"": null}, {""seed"": 4, ""status"": ""OPTIMAL"", ""proved_optimal"": true, ""runtime_s"": 34.2372, ""objective"": 57, ""source"": null, ""reused_from"": null}, {""seed"": 5, ""status"": ""OPTIMAL"", ""proved_optimal"": true, ""runtime_s"": 83.0689, ""objective"": 59, ""source"": null, ""reused_from"": null}, {""seed"": 6, ""status"": ""OPTIMAL"", ""proved_optimal"": true, ""runtime_s"": 94.3363, ""objective"": 64, ""source"": null, ""reused_from"": null}, {""seed"": 7, ""status"": ""OPTIMAL"", ""proved_optimal"": true, ""runtime_s"": 121.4737, ""objective"": 64, ""source"": null, ""reused_from"": null}, {""seed"": 8, ""status"": ""OPTIMAL"", ""proved_optimal"": true, ""runtime_s"": 34.8525, ""objective"": 63, ""source"": null, ""reused_from"": null}, {""seed"": 9, ""status"": ""OPTIMAL"", ""proved_optimal"": true, ""runtime_s"": 322.7805, ""objective"": 61, ""source"": null, ""reused_from"": null}]"
jobshop_seeds,jobshop,10,gurobi-bigm,10,10,1.3431000000000002,0.711775,3.37515,0.3019,3.9716,"{""OPTIMAL"": 10}","[{""seed"": 0, ""status"": ""OPTIMAL"", ""proved_optimal"": true, ""runtime_s"": 0.6581, ""objective"": 68, ""source"": null, ""reused_from"": ""long600""}, {""seed"": 1, ""status"": ""OPTIMAL"", ""proved_optimal"": true, ""runtime_s"": 0.3019, ""objective"": 60, ""source"": null, ""reused_from"": ""long600""}, {""seed"": 2, ""status"": ""OPTIMAL"", ""proved_optimal"": true, ""runtime_s"": 3.6225, ""objective"": 61, ""source"": null, ""reused_from"": ""long600""}, {""seed"": 3, ""status"": ""OPTIMAL"", ""proved_optimal"": true, ""runtime_s"": 1.7149, ""objective"": 67, ""source"": null, ""reused_from"": null}, {""seed"": 4, ""status"": ""OPTIMAL"", ""proved_optimal"": true, ""runtime_s"": 0.3431, ""objective"": 57, ""source"": null, ""reused_from"": null}, {""seed"": 5, ""status"": ""OPTIMAL"", ""proved_optimal"": true, ""runtime_s"": 3.9716, ""objective"": 59, ""source"": null, ""reused_from"": null}, {""seed"": 6, ""status"": ""OPTIMAL"", ""proved_optimal"": true, ""runtime_s"": 2.6331, ""objective"": 64, ""source"": null, ""reused_from"": null}, {""seed"": 7, ""status"": ""OPTIMAL"", ""proved_optimal"": true, ""runtime_s"": 0.8728, ""objective"": 64, ""source"": null, ""reused_from"": null}, {""seed"": 8, ""status"": ""OPTIMAL"", ""proved_optimal"": true, ""runtime_s"": 3.6428, ""objective"": 63, ""source"": null, ""reused_from"": null}, {""seed"": 9, ""status"": ""OPTIMAL"", ""proved_optimal"": true, ""runtime_s"": 0.9713, ""objective"": 61, ""source"": null, ""reused_from"": null}]"
jobshop_seeds,jobshop,10,gurobi-ind,10,10,1.98385,0.852925,3.2027,0.2628,11.205,"{""OPTIMAL"": 10}","[{""seed"": 0, ""status"": ""OPTIMAL"", ""proved_optimal"": true, ""runtime_s"": 0.5943, ""objective"": 68, ""source"": null, ""reused_from"": ""long600""}, {""seed"": 1, ""status"": ""OPTIMAL"", ""proved_optimal"": true, ""runtime_s"": 0.2628, ""objective"": 60, ""source"": null, ""reused_from"": ""long600""}, {""seed"": 2, ""status"": ""OPTIMAL"", ""proved_optimal"": true, ""runtime_s"": 9.0406, ""objective"": 61, ""source"": null, ""reused_from"": ""long600""}, {""seed"": 3, ""status"": ""OPTIMAL"", ""proved_optimal"": true, ""runtime_s"": 3.2921, ""objective"": 67, ""source"": null, ""reused_from"": null}, {""seed"": 4, ""status"": ""OPTIMAL"", ""proved_optimal"": true, ""runtime_s"": 0.8182, ""objective"": 57, ""source"": null, ""reused_from"": null}, {""seed"": 5, ""status"": ""OPTIMAL"", ""proved_optimal"": true, ""runtime_s"": 11.205, ""objective"": 59, ""source"": null, ""reused_from"": null}, {""seed"": 6, ""status"": ""OPTIMAL"", ""proved_optimal"": true, ""runtime_s"": 1.4282, ""objective"": 64, ""source"": null, ""reused_from"": null}, {""seed"": 7, ""status"": ""OPTIMAL"", ""proved_optimal"": true, ""runtime_s"": 2.5395, ""objective"": 64, ""source"": null, ""reused_from"": null}, {""seed"": 8, ""status"": ""OPTIMAL"", ""proved_optimal"": true, ""runtime_s"": 2.9345, ""objective"": 63, ""source"": null, ""reused_from"": null}, {""seed"": 9, ""status"": ""OPTIMAL"", ""proved_optimal"": true, ""runtime_s"": 0.9571, ""objective"": 61, ""source"": null, ""reused_from"": null}]"
jobshop_seeds,jobshop,10,highs-bigm,10,6,535.4187,,,146.0416,574.7552,"{""ERROR"": 2, ""OPTIMAL"": 6, ""SAT"": 2}","[{""seed"": 0, ""status"": ""ERROR"", ""proved_optimal"": false, ""runtime_s"": 8.664, ""objective"": null, ""source"": null, ""reused_from"": ""long600""}, {""seed"": 1, ""status"": ""OPTIMAL"", ""proved_optimal"": true, ""runtime_s"": 441.4138, ""objective"": 60, ""source"": null, ""reused_from"": ""long600""}, {""seed"": 2, ""status"": ""OPTIMAL"", ""proved_optimal"": true, ""runtime_s"": 146.0416, ""objective"": 61, ""source"": null, ""reused_from"": ""long600""}, {""seed"": 3, ""status"": ""OPTIMAL"", ""proved_optimal"": true, ""runtime_s"": 574.7552, ""objective"": 67, ""source"": null, ""reused_from"": null}, {""seed"": 4, ""status"": ""SAT"", ""proved_optimal"": false, ""runtime_s"": 600.6577, ""objective"": 57, ""source"": null, ""reused_from"": null}, {""seed"": 5, ""status"": ""OPTIMAL"", ""proved_optimal"": true, ""runtime_s"": 462.6894, ""objective"": 59, ""source"": null, ""reused_from"": null}, {""seed"": 6, ""status"": ""SAT"", ""proved_optimal"": false, ""runtime_s"": 601.0343, ""objective"": 64, ""source"": null, ""reused_from"": null}, {""seed"": 7, ""status"": ""OPTIMAL"", ""proved_optimal"": true, ""runtime_s"": 496.0822, ""objective"": 64, ""source"": null, ""reused_from"": null}, {""seed"": 8, ""status"": ""OPTIMAL"", ""proved_optimal"": true, ""runtime_s"": 409.0988, ""objective"": 63, ""source"": null, ""reused_from"": null}, {""seed"": 9, ""status"": ""ERROR"", ""proved_optimal"": false, ""runtime_s"": 124.717, ""objective"": null, ""source"": null, ""reused_from"": null}]"
jobshop_seeds,jobshop,10,highs-hull,10,0,inf,,,,,"{""ERROR"": 3, ""TIMEOUT"": 1, ""SAT"": 6}","[{""seed"": 0, ""status"": ""ERROR"", ""proved_optimal"": false, ""runtime_s"": 19.26, ""objective"": null, ""source"": null, ""reused_from"": ""long600""}, {""seed"": 1, ""status"": ""TIMEOUT"", ""proved_optimal"": false, ""runtime_s"": 630.17, ""objective"": null, ""source"": null, ""reused_from"": ""long600""}, {""seed"": 2, ""status"": ""ERROR"", ""proved_optimal"": false, ""runtime_s"": 9.445, ""objective"": null, ""source"": null, ""reused_from"": ""long600""}, {""seed"": 3, ""status"": ""ERROR"", ""proved_optimal"": false, ""runtime_s"": 456.159, ""objective"": null, ""source"": null, ""reused_from"": null}, {""seed"": 4, ""status"": ""SAT"", ""proved_optimal"": false, ""runtime_s"": 600.6974, ""objective"": 57, ""source"": null, ""reused_from"": null}, {""seed"": 5, ""status"": ""SAT"", ""proved_optimal"": false, ""runtime_s"": 600.9511, ""objective"": 59, ""source"": null, ""reused_from"": null}, {""seed"": 6, ""status"": ""SAT"", ""proved_optimal"": false, ""runtime_s"": 600.8655, ""objective"": 64, ""source"": null, ""reused_from"": null}, {""seed"": 7, ""status"": ""SAT"", ""proved_optimal"": false, ""runtime_s"": 600.7931, ""objective"": 64, ""source"": null, ""reused_from"": null}, {""seed"": 8, ""status"": ""SAT"", ""proved_optimal"": false, ""runtime_s"": 600.8952, ""objective"": 63, ""source"": null, ""reused_from"": null}, {""seed"": 9, ""status"": ""SAT"", ""proved_optimal"": false, ""runtime_s"": 607.563, ""objective"": 61, ""source"": null, ""reused_from"": null}]"
jobshop_seeds,jobshop,10,optimathsat,10,10,33.66175,29.686225,59.332775,10.971,123.2668,"{""OPTIMAL"": 10}","[{""seed"": 0, ""status"": ""OPTIMAL"", ""proved_optimal"": true, ""runtime_s"": 123.2668, ""objective"": 68, ""source"": null, ""reused_from"": ""long600""}, {""seed"": 1, ""status"": ""OPTIMAL"", ""proved_optimal"": true, ""runtime_s"": 30.1885, ""objective"": 60, ""source"": null, ""reused_from"": ""long600""}, {""seed"": 2, ""status"": ""OPTIMAL"", ""proved_optimal"": true, ""runtime_s"": 10.971, ""objective"": 61, ""source"": null, ""reused_from"": ""long600""}, {""seed"": 3, ""status"": ""OPTIMAL"", ""proved_optimal"": true, ""runtime_s"": 36.4476, ""objective"": 67, ""source"": null, ""reused_from"": null}, {""seed"": 4, ""status"": ""OPTIMAL"", ""proved_optimal"": true, ""runtime_s"": 30.8759, ""objective"": 57, ""source"": null, ""reused_from"": null}, {""seed"": 5, ""status"": ""OPTIMAL"", ""proved_optimal"": true, ""runtime_s"": 29.5188, ""objective"": 59, ""source"": null, ""reused_from"": null}, {""seed"": 6, ""status"": ""OPTIMAL"", ""proved_optimal"": true, ""runtime_s"": 18.9433, ""objective"": 64, ""source"": null, ""reused_from"": null}, {""seed"": 7, ""status"": ""OPTIMAL"", ""proved_optimal"": true, ""runtime_s"": 42.2582, ""objective"": 64, ""source"": null, ""reused_from"": null}, {""seed"": 8, ""status"": ""OPTIMAL"", ""proved_optimal"": true, ""runtime_s"": 65.0243, ""objective"": 63, ""source"": null, ""reused_from"": null}, {""seed"": 9, ""status"": ""OPTIMAL"", ""proved_optimal"": true, ""runtime_s"": 75.8482, ""objective"": 61, ""source"": null, ""reused_from"": null}]"
jobshop_seeds,jobshop,10,scip-bigm,10,0,inf,,,,,"{""TIMEOUT"": 4, ""SAT"": 6}","[{""seed"": 0, ""status"": ""TIMEOUT"", ""proved_optimal"": false, ""runtime_s"": 630.185, ""objective"": null, ""source"": null, ""reused_from"": ""long600""}, {""seed"": 1, ""status"": ""TIMEOUT"", ""proved_optimal"": false, ""runtime_s"": 630.18, ""objective"": null, ""source"": null, ""reused_from"": ""long600""}, {""seed"": 2, ""status"": ""TIMEOUT"", ""proved_optimal"": false, ""runtime_s"": 630.156, ""objective"": null, ""source"": null, ""reused_from"": ""long600""}, {""seed"": 3, ""status"": ""TIMEOUT"", ""proved_optimal"": false, ""runtime_s"": 630.148, ""objective"": null, ""source"": null, ""reused_from"": null}, {""seed"": 4, ""status"": ""SAT"", ""proved_optimal"": false, ""runtime_s"": 600.005, ""objective"": 57, ""source"": null, ""reused_from"": null}, {""seed"": 5, ""status"": ""SAT"", ""proved_optimal"": false, ""runtime_s"": 600.0061, ""objective"": 59, ""source"": null, ""reused_from"": null}, {""seed"": 6, ""status"": ""SAT"", ""proved_optimal"": false, ""runtime_s"": 608.9442, ""objective"": 64, ""source"": null, ""reused_from"": null}, {""seed"": 7, ""status"": ""SAT"", ""proved_optimal"": false, ""runtime_s"": 600.0115, ""objective"": 64, ""source"": null, ""reused_from"": null}, {""seed"": 8, ""status"": ""SAT"", ""proved_optimal"": false, ""runtime_s"": 600.0091, ""objective"": 63, ""source"": null, ""reused_from"": null}, {""seed"": 9, ""status"": ""SAT"", ""proved_optimal"": false, ""runtime_s"": 606.4078, ""objective"": 61, ""source"": null, ""reused_from"": null}]"
jobshop_seeds,jobshop,10,z3,10,10,64.16239999999999,30.647975,68.4659,13.9706,74.3491,"{""OPTIMAL"": 10}","[{""seed"": 0, ""status"": ""OPTIMAL"", ""proved_optimal"": true, ""runtime_s"": 62.5108, ""objective"": 68, ""source"": null, ""reused_from"": ""long600""}, {""seed"": 1, ""status"": ""OPTIMAL"", ""proved_optimal"": true, ""runtime_s"": 44.8583, ""objective"": 60, ""source"": null, ""reused_from"": ""long600""}, {""seed"": 2, ""status"": ""OPTIMAL"", ""proved_optimal"": true, ""runtime_s"": 17.9319, ""objective"": 61, ""source"": null, ""reused_from"": ""long600""}, {""seed"": 3, ""status"": ""OPTIMAL"", ""proved_optimal"": true, ""runtime_s"": 68.5941, ""objective"": 67, ""source"": null, ""reused_from"": null}, {""seed"": 4, ""status"": ""OPTIMAL"", ""proved_optimal"": true, ""runtime_s"": 25.9112, ""objective"": 57, ""source"": null, ""reused_from"": null}, {""seed"": 5, ""status"": ""OPTIMAL"", ""proved_optimal"": true, ""runtime_s"": 74.3491, ""objective"": 59, ""source"": null, ""reused_from"": null}, {""seed"": 6, ""status"": ""OPTIMAL"", ""proved_optimal"": true, ""runtime_s"": 13.9706, ""objective"": 64, ""source"": null, ""reused_from"": null}, {""seed"": 7, ""status"": ""OPTIMAL"", ""proved_optimal"": true, ""runtime_s"": 70.1996, ""objective"": 64, ""source"": null, ""reused_from"": null}, {""seed"": 8, ""status"": ""OPTIMAL"", ""proved_optimal"": true, ""runtime_s"": 65.814, ""objective"": 63, ""source"": null, ""reused_from"": null}, {""seed"": 9, ""status"": ""OPTIMAL"", ""proved_optimal"": true, ""runtime_s"": 68.0813, ""objective"": 61, ""source"": null, ""reused_from"": null}]"
long600,config,40,cbc,3,3,0.0687,0.0687,0.06939999999999999,0.0687,0.0701,"{""OPTIMAL"": 3}","[{""seed"": 0, ""status"": ""OPTIMAL"", ""proved_optimal"": true, ""runtime_s"": 0.0687, ""objective"": 195, ""source"": ""wsl"", ""reused_from"": null}, {""seed"": 1, ""status"": ""OPTIMAL"", ""proved_optimal"": true, ""runtime_s"": 0.0687, ""objective"": 162, ""source"": ""wsl"", ""reused_from"": null}, {""seed"": 2, ""status"": ""OPTIMAL"", ""proved_optimal"": true, ""runtime_s"": 0.0701, ""objective"": 206, ""source"": ""wsl"", ""reused_from"": null}]"
long600,config,40,cplex-ind,3,3,0.0045,0.00435,0.0048000000000000004,0.0042,0.0051,"{""OPTIMAL"": 3}","[{""seed"": 0, ""status"": ""OPTIMAL"", ""proved_optimal"": true, ""runtime_s"": 0.0042, ""objective"": 195, ""source"": ""wsl"", ""reused_from"": null}, {""seed"": 1, ""status"": ""OPTIMAL"", ""proved_optimal"": true, ""runtime_s"": 0.0051, ""objective"": 162, ""source"": ""wsl"", ""reused_from"": null}, {""seed"": 2, ""status"": ""OPTIMAL"", ""proved_optimal"": true, ""runtime_s"": 0.0045, ""objective"": 206, ""source"": ""wsl"", ""reused_from"": null}]"
long600,config,40,cpsat,3,3,0.0064,0.00585,0.00695,0.0053,0.0075,"{""OPTIMAL"": 3}","[{""seed"": 0, ""status"": ""OPTIMAL"", ""proved_optimal"": true, ""runtime_s"": 0.0053, ""objective"": 195, ""source"": ""wsl"", ""reused_from"": null}, {""seed"": 1, ""status"": ""OPTIMAL"", ""proved_optimal"": true, ""runtime_s"": 0.0064, ""objective"": 162, ""source"": ""wsl"", ""reused_from"": null}, {""seed"": 2, ""status"": ""OPTIMAL"", ""proved_optimal"": true, ""runtime_s"": 0.0075, ""objective"": 206, ""source"": ""wsl"", ""reused_from"": null}]"
long600,config,40,gecode,3,3,0.1228,0.1217,0.1232,0.1206,0.1236,"{""OPTIMAL"": 3}","[{""seed"": 0, ""status"": ""OPTIMAL"", ""proved_optimal"": true, ""runtime_s"": 0.1236, ""objective"": 195, ""source"": ""wsl"", ""reused_from"": null}, {""seed"": 1, ""status"": ""OPTIMAL"", ""proved_optimal"": true, ""runtime_s"": 0.1228, ""objective"": 162, ""source"": ""wsl"", ""reused_from"": null}, {""seed"": 2, ""status"": ""OPTIMAL"", ""proved_optimal"": true, ""runtime_s"": 0.1206, ""objective"": 206, ""source"": ""wsl"", ""reused_from"": null}]"
long600,config,40,gurobi-ind,3,3,0.0022,0.0017000000000000001,0.0022500000000000003,0.0012,0.0023,"{""OPTIMAL"": 3}","[{""seed"": 0, ""status"": ""OPTIMAL"", ""proved_optimal"": true, ""runtime_s"": 0.0022, ""objective"": 195, ""source"": ""wsl"", ""reused_from"": null}, {""seed"": 1, ""status"": ""OPTIMAL"", ""proved_optimal"": true, ""runtime_s"": 0.0023, ""objective"": 162, ""source"": ""wsl"", ""reused_from"": null}, {""seed"": 2, ""status"": ""OPTIMAL"", ""proved_optimal"": true, ""runtime_s"": 0.0012, ""objective"": 206, ""source"": ""wsl"", ""reused_from"": null}]"
long600,config,40,highs,3,3,0.0072,0.0069,0.008199999999999999,0.0066,0.0092,"{""OPTIMAL"": 3}","[{""seed"": 0, ""status"": ""OPTIMAL"", ""proved_optimal"": true, ""runtime_s"": 0.0066, ""objective"": 195, ""source"": ""wsl"", ""reused_from"": null}, {""seed"": 1, ""status"": ""OPTIMAL"", ""proved_optimal"": true, ""runtime_s"": 0.0072, ""objective"": 162, ""source"": ""wsl"", ""reused_from"": null}, {""seed"": 2, ""status"": ""OPTIMAL"", ""proved_optimal"": true, ""runtime_s"": 0.0092, ""objective"": 206, ""source"": ""wsl"", ""reused_from"": null}]"
long600,config,40,optimathsat,3,3,0.1257,0.1243,0.152,0.1229,0.1783,"{""OPTIMAL"": 3}","[{""seed"": 0, ""status"": ""OPTIMAL"", ""proved_optimal"": true, ""runtime_s"": 0.1229, ""objective"": 195, ""source"": ""wsl"", ""reused_from"": null}, {""seed"": 1, ""status"": ""OPTIMAL"", ""proved_optimal"": true, ""runtime_s"": 0.1257, ""objective"": 162, ""source"": ""wsl"", ""reused_from"": null}, {""seed"": 2, ""status"": ""OPTIMAL"", ""proved_optimal"": true, ""runtime_s"": 0.1783, ""objective"": 206, ""source"": ""wsl"", ""reused_from"": null}]"
long600,config,40,scip,3,3,0.0065,0.0063999999999999994,0.00655,0.0063,0.0066,"{""OPTIMAL"": 3}","[{""seed"": 0, ""status"": ""OPTIMAL"", ""proved_optimal"": true, ""runtime_s"": 0.0063, ""objective"": 195, ""source"": ""wsl"", ""reused_from"": null}, {""seed"": 1, ""status"": ""OPTIMAL"", ""proved_optimal"": true, ""runtime_s"": 0.0065, ""objective"": 162, ""source"": ""wsl"", ""reused_from"": null}, {""seed"": 2, ""status"": ""OPTIMAL"", ""proved_optimal"": true, ""runtime_s"": 0.0066, ""objective"": 206, ""source"": ""wsl"", ""reused_from"": null}]"
long600,config,40,z3,3,3,0.1765,0.17409999999999998,0.20445,0.1717,0.2324,"{""OPTIMAL"": 3}","[{""seed"": 0, ""status"": ""OPTIMAL"", ""proved_optimal"": true, ""runtime_s"": 0.1717, ""objective"": 195, ""source"": ""wsl"", ""reused_from"": null}, {""seed"": 1, ""status"": ""OPTIMAL"", ""proved_optimal"": true, ""runtime_s"": 0.1765, ""objective"": 162, ""source"": ""wsl"", ""reused_from"": null}, {""seed"": 2, ""status"": ""OPTIMAL"", ""proved_optimal"": true, ""runtime_s"": 0.2324, ""objective"": 206, ""source"": ""wsl"", ""reused_from"": null}]"
long600,config,80,cbc,3,3,0.0784,0.07619999999999999,0.07995,0.074,0.0815,"{""OPTIMAL"": 3}","[{""seed"": 0, ""status"": ""OPTIMAL"", ""proved_optimal"": true, ""runtime_s"": 0.0815, ""objective"": 504, ""source"": ""wsl"", ""reused_from"": null}, {""seed"": 1, ""status"": ""OPTIMAL"", ""proved_optimal"": true, ""runtime_s"": 0.0784, ""objective"": 491, ""source"": ""wsl"", ""reused_from"": null}, {""seed"": 2, ""status"": ""OPTIMAL"", ""proved_optimal"": true, ""runtime_s"": 0.074, ""objective"": 403, ""source"": ""wsl"", ""reused_from"": null}]"
long600,config,80,cplex-ind,3,3,0.0077,0.00625,0.009899999999999999,0.0048,0.0121,"{""OPTIMAL"": 3}","[{""seed"": 0, ""status"": ""OPTIMAL"", ""proved_optimal"": true, ""runtime_s"": 0.0048, ""objective"": 504, ""source"": ""wsl"", ""reused_from"": null}, {""seed"": 1, ""status"": ""OPTIMAL"", ""proved_optimal"": true, ""runtime_s"": 0.0077, ""objective"": 491, ""source"": ""wsl"", ""reused_from"": null}, {""seed"": 2, ""status"": ""OPTIMAL"", ""proved_optimal"": true, ""runtime_s"": 0.0121, ""objective"": 403, ""source"": ""wsl"", ""reused_from"": null}]"
long600,config,80,cpsat,3,3,0.017,0.0167,0.03165,0.0164,0.0463,"{""OPTIMAL"": 3}","[{""seed"": 0, ""status"": ""OPTIMAL"", ""proved_optimal"": true, ""runtime_s"": 0.0164, ""objective"": 504, ""source"": ""wsl"", ""reused_from"": null}, {""seed"": 1, ""status"": ""OPTIMAL"", ""proved_optimal"": true, ""runtime_s"": 0.0463, ""objective"": 491, ""source"": ""wsl"", ""reused_from"": null}, {""seed"": 2, ""status"": ""OPTIMAL"", ""proved_optimal"": true, ""runtime_s"": 0.017, ""objective"": 403, ""source"": ""wsl"", ""reused_from"": null}]"
long600,config,80,gecode,3,1,inf,,,93.1201,93.1201,"{""SAT"": 2, ""OPTIMAL"": 1}","[{""seed"": 0, ""status"": ""SAT"", ""proved_optimal"": false, ""runtime_s"": 600.0, ""objective"": 530, ""source"": ""wsl"", ""reused_from"": null}, {""seed"": 1, ""status"": ""SAT"", ""proved_optimal"": false, ""runtime_s"": 600.0, ""objective"": 573, ""source"": ""wsl"", ""reused_from"": null}, {""seed"": 2, ""status"": ""OPTIMAL"", ""proved_optimal"": true, ""runtime_s"": 93.1201, ""objective"": 403, ""source"": ""wsl"", ""reused_from"": null}]"
long600,config,80,gurobi-ind,3,3,0.0029,0.00285,0.003,0.0028,0.0031,"{""OPTIMAL"": 3}","[{""seed"": 0, ""status"": ""OPTIMAL"", ""proved_optimal"": true, ""runtime_s"": 0.0029, ""objective"": 504, ""source"": ""wsl"", ""reused_from"": null}, {""seed"": 1, ""status"": ""OPTIMAL"", ""proved_optimal"": true, ""runtime_s"": 0.0028, ""objective"": 491, ""source"": ""wsl"", ""reused_from"": null}, {""seed"": 2, ""status"": ""OPTIMAL"", ""proved_optimal"": true, ""runtime_s"": 0.0031, ""objective"": 403, ""source"": ""wsl"", ""reused_from"": null}]"
long600,config,80,highs,3,3,0.016,0.012150000000000001,0.0167,0.0083,0.0174,"{""OPTIMAL"": 3}","[{""seed"": 0, ""status"": ""OPTIMAL"", ""proved_optimal"": true, ""runtime_s"": 0.0083, ""objective"": 504, ""source"": ""wsl"", ""reused_from"": null}, {""seed"": 1, ""status"": ""OPTIMAL"", ""proved_optimal"": true, ""runtime_s"": 0.0174, ""objective"": 491, ""source"": ""wsl"", ""reused_from"": null}, {""seed"": 2, ""status"": ""OPTIMAL"", ""proved_optimal"": true, ""runtime_s"": 0.016, ""objective"": 403, ""source"": ""wsl"", ""reused_from"": null}]"
long600,config,80,optimathsat,3,3,0.2329,0.17585,0.3358,0.1188,0.4387,"{""OPTIMAL"": 3}","[{""seed"": 0, ""status"": ""OPTIMAL"", ""proved_optimal"": true, ""runtime_s"": 0.1188, ""objective"": 504, ""source"": ""wsl"", ""reused_from"": null}, {""seed"": 1, ""status"": ""OPTIMAL"", ""proved_optimal"": true, ""runtime_s"": 0.4387, ""objective"": 491, ""source"": ""wsl"", ""reused_from"": null}, {""seed"": 2, ""status"": ""OPTIMAL"", ""proved_optimal"": true, ""runtime_s"": 0.2329, ""objective"": 403, ""source"": ""wsl"", ""reused_from"": null}]"
long600,config,80,scip,3,3,0.0113,0.01005,0.012750000000000001,0.0088,0.0142,"{""OPTIMAL"": 3}","[{""seed"": 0, ""status"": ""OPTIMAL"", ""proved_optimal"": true, ""runtime_s"": 0.0088, ""objective"": 504, ""source"": ""wsl"", ""reused_from"": null}, {""seed"": 1, ""status"": ""OPTIMAL"", ""proved_optimal"": true, ""runtime_s"": 0.0142, ""objective"": 491, ""source"": ""wsl"", ""reused_from"": null}, {""seed"": 2, ""status"": ""OPTIMAL"", ""proved_optimal"": true, ""runtime_s"": 0.0113, ""objective"": 403, ""source"": ""wsl"", ""reused_from"": null}]"
long600,config,80,z3,3,3,1.5406,1.4276499999999999,1.79065,1.3147,2.0407,"{""OPTIMAL"": 3}","[{""seed"": 0, ""status"": ""OPTIMAL"", ""proved_optimal"": true, ""runtime_s"": 1.3147, ""objective"": 504, ""source"": ""wsl"", ""reused_from"": null}, {""seed"": 1, ""status"": ""OPTIMAL"", ""proved_optimal"": true, ""runtime_s"": 2.0407, ""objective"": 491, ""source"": ""wsl"", ""reused_from"": null}, {""seed"": 2, ""status"": ""OPTIMAL"", ""proved_optimal"": true, ""runtime_s"": 1.5406, ""objective"": 403, ""source"": ""wsl"", ""reused_from"": null}]"
long600,config,150,cbc,3,3,0.0758,0.07445,0.1005,0.0731,0.1252,"{""OPTIMAL"": 3}","[{""seed"": 0, ""status"": ""OPTIMAL"", ""proved_optimal"": true, ""runtime_s"": 0.0758, ""objective"": 663, ""source"": ""wsl"", ""reused_from"": null}, {""seed"": 1, ""status"": ""OPTIMAL"", ""proved_optimal"": true, ""runtime_s"": 0.1252, ""objective"": 874, ""source"": ""wsl"", ""reused_from"": null}, {""seed"": 2, ""status"": ""OPTIMAL"", ""proved_optimal"": true, ""runtime_s"": 0.0731, ""objective"": 600, ""source"": ""wsl"", ""reused_from"": null}]"
long600,config,150,cplex-ind,3,3,0.0062,0.006,0.00895,0.0058,0.0117,"{""OPTIMAL"": 3}","[{""seed"": 0, ""status"": ""OPTIMAL"", ""proved_optimal"": true, ""runtime_s"": 0.0062, ""objective"": 663, ""source"": ""wsl"", ""reused_from"": null}, {""seed"": 1, ""status"": ""OPTIMAL"", ""proved_optimal"": true, ""runtime_s"": 0.0117, ""objective"": 874, ""source"": ""wsl"", ""reused_from"": null}, {""seed"": 2, ""status"": ""OPTIMAL"", ""proved_optimal"": true, ""runtime_s"": 0.0058, ""objective"": 600, ""source"": ""wsl"", ""reused_from"": null}]"
long600,config,150,cpsat,3,3,0.0676,0.05645,0.07519999999999999,0.0453,0.0828,"{""OPTIMAL"": 3}","[{""seed"": 0, ""status"": ""OPTIMAL"", ""proved_optimal"": true, ""runtime_s"": 0.0676, ""objective"": 663, ""source"": ""wsl"", ""reused_from"": null}, {""seed"": 1, ""status"": ""OPTIMAL"", ""proved_optimal"": true, ""runtime_s"": 0.0453, ""objective"": 874, ""source"": ""wsl"", ""reused_from"": null}, {""seed"": 2, ""status"": ""OPTIMAL"", ""proved_optimal"": true, ""runtime_s"": 0.0828, ""objective"": 600, ""source"": ""wsl"", ""reused_from"": null}]"
long600,config,150,gecode,3,0,inf,,,,,"{""SAT"": 3}","[{""seed"": 0, ""status"": ""SAT"", ""proved_optimal"": false, ""runtime_s"": 600.0, ""objective"": 1402, ""source"": ""wsl"", ""reused_from"": null}, {""seed"": 1, ""status"": ""SAT"", ""proved_optimal"": false, ""runtime_s"": 600.0, ""objective"": 1275, ""source"": ""wsl"", ""reused_from"": null}, {""seed"": 2, ""status"": ""SAT"", ""proved_optimal"": false, ""runtime_s"": 600.0, ""objective"": 1311, ""source"": ""wsl"", ""reused_from"": null}]"
long600,config,150,gurobi-ind,3,3,0.0031,0.0024,0.00325,0.0017,0.0034,"{""OPTIMAL"": 3}","[{""seed"": 0, ""status"": ""OPTIMAL"", ""proved_optimal"": true, ""runtime_s"": 0.0031, ""objective"": 663, ""source"": ""wsl"", ""reused_from"": null}, {""seed"": 1, ""status"": ""OPTIMAL"", ""proved_optimal"": true, ""runtime_s"": 0.0034, ""objective"": 874, ""source"": ""wsl"", ""reused_from"": null}, {""seed"": 2, ""status"": ""OPTIMAL"", ""proved_optimal"": true, ""runtime_s"": 0.0017, ""objective"": 600, ""source"": ""wsl"", ""reused_from"": null}]"
long600,config,150,highs,3,3,0.0242,0.0185,0.05485,0.0128,0.0855,"{""OPTIMAL"": 3}","[{""seed"": 0, ""status"": ""OPTIMAL"", ""proved_optimal"": true, ""runtime_s"": 0.0242, ""objective"": 663, ""source"": ""wsl"", ""reused_from"": null}, {""seed"": 1, ""status"": ""OPTIMAL"", ""proved_optimal"": true, ""runtime_s"": 0.0855, ""objective"": 874, ""source"": ""wsl"", ""reused_from"": null}, {""seed"": 2, ""status"": ""OPTIMAL"", ""proved_optimal"": true, ""runtime_s"": 0.0128, ""objective"": 600, ""source"": ""wsl"", ""reused_from"": null}]"
long600,config,150,optimathsat,3,3,0.9665,0.75465,1.4308,0.5428,1.8951,"{""OPTIMAL"": 3}","[{""seed"": 0, ""status"": ""OPTIMAL"", ""proved_optimal"": true, ""runtime_s"": 0.9665, ""objective"": 663, ""source"": ""wsl"", ""reused_from"": null}, {""seed"": 1, ""status"": ""OPTIMAL"", ""proved_optimal"": true, ""runtime_s"": 1.8951, ""objective"": 874, ""source"": ""wsl"", ""reused_from"": null}, {""seed"": 2, ""status"": ""OPTIMAL"", ""proved_optimal"": true, ""runtime_s"": 0.5428, ""objective"": 600, ""source"": ""wsl"", ""reused_from"": null}]"
long600,config,150,scip,3,3,0.0123,0.0111,0.0465,0.0099,0.0807,"{""OPTIMAL"": 3}","[{""seed"": 0, ""status"": ""OPTIMAL"", ""proved_optimal"": true, ""runtime_s"": 0.0123, ""objective"": 663, ""source"": ""wsl"", ""reused_from"": null}, {""seed"": 1, ""status"": ""OPTIMAL"", ""proved_optimal"": true, ""runtime_s"": 0.0807, ""objective"": 874, ""source"": ""wsl"", ""reused_from"": null}, {""seed"": 2, ""status"": ""OPTIMAL"", ""proved_optimal"": true, ""runtime_s"": 0.0099, ""objective"": 600, ""source"": ""wsl"", ""reused_from"": null}]"
long600,config,150,z3,3,3,12.4417,12.12255,13.90785,11.8034,15.374,"{""OPTIMAL"": 3}","[{""seed"": 0, ""status"": ""OPTIMAL"", ""proved_optimal"": true, ""runtime_s"": 11.8034, ""objective"": 663, ""source"": ""wsl"", ""reused_from"": null}, {""seed"": 1, ""status"": ""OPTIMAL"", ""proved_optimal"": true, ""runtime_s"": 15.374, ""objective"": 874, ""source"": ""wsl"", ""reused_from"": null}, {""seed"": 2, ""status"": ""OPTIMAL"", ""proved_optimal"": true, ""runtime_s"": 12.4417, ""objective"": 600, ""source"": ""wsl"", ""reused_from"": null}]"
long600,config,200,cbc,3,3,0.08,0.07955000000000001,0.08015,0.0791,0.0803,"{""OPTIMAL"": 3}","[{""seed"": 0, ""status"": ""OPTIMAL"", ""proved_optimal"": true, ""runtime_s"": 0.0791, ""objective"": 873, ""source"": ""wsl"", ""reused_from"": null}, {""seed"": 1, ""status"": ""OPTIMAL"", ""proved_optimal"": true, ""runtime_s"": 0.08, ""objective"": 898, ""source"": ""wsl"", ""reused_from"": null}, {""seed"": 2, ""status"": ""OPTIMAL"", ""proved_optimal"": true, ""runtime_s"": 0.0803, ""objective"": 614, ""source"": ""wsl"", ""reused_from"": null}]"
long600,config,200,cplex-ind,3,3,0.0067,0.00635,0.00695,0.006,0.0072,"{""OPTIMAL"": 3}","[{""seed"": 0, ""status"": ""OPTIMAL"", ""proved_optimal"": true, ""runtime_s"": 0.0072, ""objective"": 873, ""source"": ""wsl"", ""reused_from"": null}, {""seed"": 1, ""status"": ""OPTIMAL"", ""proved_optimal"": true, ""runtime_s"": 0.0067, ""objective"": 898, ""source"": ""wsl"", ""reused_from"": null}, {""seed"": 2, ""status"": ""OPTIMAL"", ""proved_optimal"": true, ""runtime_s"": 0.006, ""objective"": 614, ""source"": ""wsl"", ""reused_from"": null}]"
long600,config,200,cpsat,3,3,0.3066,0.1792,0.4323,0.0518,0.558,"{""OPTIMAL"": 3}","[{""seed"": 0, ""status"": ""OPTIMAL"", ""proved_optimal"": true, ""runtime_s"": 0.558, ""objective"": 873, ""source"": ""wsl"", ""reused_from"": null}, {""seed"": 1, ""status"": ""OPTIMAL"", ""proved_optimal"": true, ""runtime_s"": 0.3066, ""objective"": 898, ""source"": ""wsl"", ""reused_from"": null}, {""seed"": 2, ""status"": ""OPTIMAL"", ""proved_optimal"": true, ""runtime_s"": 0.0518, ""objective"": 614, ""source"": ""wsl"", ""reused_from"": null}]"
long600,config,200,gecode,3,0,inf,,,,,"{""SAT"": 3}","[{""seed"": 0, ""status"": ""SAT"", ""proved_optimal"": false, ""runtime_s"": 600.0, ""objective"": 1865, ""source"": ""wsl"", ""reused_from"": null}, {""seed"": 1, ""status"": ""SAT"", ""proved_optimal"": false, ""runtime_s"": 600.0, ""objective"": 1693, ""source"": ""wsl"", ""reused_from"": null}, {""seed"": 2, ""status"": ""SAT"", ""proved_optimal"": false, ""runtime_s"": 600.0, ""objective"": 1920, ""source"": ""wsl"", ""reused_from"": null}]"
long600,config,200,gurobi-ind,3,3,0.0026,0.0023499999999999997,0.00295,0.0021,0.0033,"{""OPTIMAL"": 3}","[{""seed"": 0, ""status"": ""OPTIMAL"", ""proved_optimal"": true, ""runtime_s"": 0.0021, ""objective"": 873, ""source"": ""wsl"", ""reused_from"": null}, {""seed"": 1, ""status"": ""OPTIMAL"", ""proved_optimal"": true, ""runtime_s"": 0.0033, ""objective"": 898, ""source"": ""wsl"", ""reused_from"": null}, {""seed"": 2, ""status"": ""OPTIMAL"", ""proved_optimal"": true, ""runtime_s"": 0.0026, ""objective"": 614, ""source"": ""wsl"", ""reused_from"": null}]"
long600,config,200,highs,3,3,0.0217,0.019200000000000002,0.02435,0.0167,0.027,"{""OPTIMAL"": 3}","[{""seed"": 0, ""status"": ""OPTIMAL"", ""proved_optimal"": true, ""runtime_s"": 0.0217, ""objective"": 873, ""source"": ""wsl"", ""reused_from"": null}, {""seed"": 1, ""status"": ""OPTIMAL"", ""proved_optimal"": true, ""runtime_s"": 0.027, ""objective"": 898, ""source"": ""wsl"", ""reused_from"": null}, {""seed"": 2, ""status"": ""OPTIMAL"", ""proved_optimal"": true, ""runtime_s"": 0.0167, ""objective"": 614, ""source"": ""wsl"", ""reused_from"": null}]"
long600,config,200,optimathsat,3,3,5.8486,3.61545,8.131450000000001,1.3823,10.4143,"{""OPTIMAL"": 3}","[{""seed"": 0, ""status"": ""OPTIMAL"", ""proved_optimal"": true, ""runtime_s"": 5.8486, ""objective"": 873, ""source"": ""wsl"", ""reused_from"": null}, {""seed"": 1, ""status"": ""OPTIMAL"", ""proved_optimal"": true, ""runtime_s"": 10.4143, ""objective"": 898, ""source"": ""wsl"", ""reused_from"": null}, {""seed"": 2, ""status"": ""OPTIMAL"", ""proved_optimal"": true, ""runtime_s"": 1.3823, ""objective"": 614, ""source"": ""wsl"", ""reused_from"": null}]"
long600,config,200,scip,3,3,0.0202,0.0186,0.021699999999999997,0.017,0.0232,"{""OPTIMAL"": 3}","[{""seed"": 0, ""status"": ""OPTIMAL"", ""proved_optimal"": true, ""runtime_s"": 0.0202, ""objective"": 873, ""source"": ""wsl"", ""reused_from"": null}, {""seed"": 1, ""status"": ""OPTIMAL"", ""proved_optimal"": true, ""runtime_s"": 0.017, ""objective"": 898, ""source"": ""wsl"", ""reused_from"": null}, {""seed"": 2, ""status"": ""OPTIMAL"", ""proved_optimal"": true, ""runtime_s"": 0.0232, ""objective"": 614, ""source"": ""wsl"", ""reused_from"": null}]"
long600,config,200,z3,3,3,45.5568,41.43695,45.715050000000005,37.3171,45.8733,"{""OPTIMAL"": 3}","[{""seed"": 0, ""status"": ""OPTIMAL"", ""proved_optimal"": true, ""runtime_s"": 45.8733, ""objective"": 873, ""source"": ""wsl"", ""reused_from"": null}, {""seed"": 1, ""status"": ""OPTIMAL"", ""proved_optimal"": true, ""runtime_s"": 45.5568, ""objective"": 898, ""source"": ""wsl"", ""reused_from"": null}, {""seed"": 2, ""status"": ""OPTIMAL"", ""proved_optimal"": true, ""runtime_s"": 37.3171, ""objective"": 614, ""source"": ""wsl"", ""reused_from"": null}]"
long600,config,300,cbc,3,3,0.0961,0.08230000000000001,0.10300000000000001,0.0685,0.1099,"{""OPTIMAL"": 3}","[{""seed"": 0, ""status"": ""OPTIMAL"", ""proved_optimal"": true, ""runtime_s"": 0.0961, ""objective"": 1328, ""source"": ""wsl"", ""reused_from"": null}, {""seed"": 1, ""status"": ""OPTIMAL"", ""proved_optimal"": true, ""runtime_s"": 0.0685, ""objective"": 1210, ""source"": ""wsl"", ""reused_from"": null}, {""seed"": 2, ""status"": ""OPTIMAL"", ""proved_optimal"": true, ""runtime_s"": 0.1099, ""objective"": 1261, ""source"": ""wsl"", ""reused_from"": null}]"
long600,config,300,cplex-ind,3,3,0.0122,0.00955,0.01315,0.0069,0.0141,"{""OPTIMAL"": 3}","[{""seed"": 0, ""status"": ""OPTIMAL"", ""proved_optimal"": true, ""runtime_s"": 0.0122, ""objective"": 1328, ""source"": ""wsl"", ""reused_from"": null}, {""seed"": 1, ""status"": ""OPTIMAL"", ""proved_optimal"": true, ""runtime_s"": 0.0069, ""objective"": 1210, ""source"": ""wsl"", ""reused_from"": null}, {""seed"": 2, ""status"": ""OPTIMAL"", ""proved_optimal"": true, ""runtime_s"": 0.0141, ""objective"": 1261, ""source"": ""wsl"", ""reused_from"": null}]"
long600,config,300,cpsat,3,3,5.1431,3.0967,18.67795,1.0503,32.2128,"{""OPTIMAL"": 3}","[{""seed"": 0, ""status"": ""OPTIMAL"", ""proved_optimal"": true, ""runtime_s"": 5.1431, ""objective"": 1328, ""source"": ""wsl"", ""reused_from"": null}, {""seed"": 1, ""status"": ""OPTIMAL"", ""proved_optimal"": true, ""runtime_s"": 1.0503, ""objective"": 1210, ""source"": ""wsl"", ""reused_from"": null}, {""seed"": 2, ""status"": ""OPTIMAL"", ""proved_optimal"": true, ""runtime_s"": 32.2128, ""objective"": 1261, ""source"": ""wsl"", ""reused_from"": null}]"
long600,config,300,gecode,3,0,inf,,,,,"{""SAT"": 3}","[{""seed"": 0, ""status"": ""SAT"", ""proved_optimal"": false, ""runtime_s"": 600.0, ""objective"": 2838, ""source"": ""wsl"", ""reused_from"": null}, {""seed"": 1, ""status"": ""SAT"", ""proved_optimal"": false, ""runtime_s"": 600.0, ""objective"": 3198, ""source"": ""wsl"", ""reused_from"": null}, {""seed"": 2, ""status"": ""SAT"", ""proved_optimal"": false, ""runtime_s"": 600.0, ""objective"": 3972, ""source"": ""wsl"", ""reused_from"": null}]"
long600,config,300,gurobi-ind,3,3,0.0041,0.0033,0.00795,0.0025,0.0118,"{""OPTIMAL"": 3}","[{""seed"": 0, ""status"": ""OPTIMAL"", ""proved_optimal"": true, ""runtime_s"": 0.0041, ""objective"": 1328, ""source"": ""wsl"", ""reused_from"": null}, {""seed"": 1, ""status"": ""OPTIMAL"", ""proved_optimal"": true, ""runtime_s"": 0.0025, ""objective"": 1210, ""source"": ""wsl"", ""reused_from"": null}, {""seed"": 2, ""status"": ""OPTIMAL"", ""proved_optimal"": true, ""runtime_s"": 0.0118, ""objective"": 1261, ""source"": ""wsl"", ""reused_from"": null}]"
long600,config,300,highs,3,3,0.0442,0.034,0.05315,0.0238,0.0621,"{""OPTIMAL"": 3}","[{""seed"": 0, ""status"": ""OPTIMAL"", ""proved_optimal"": true, ""runtime_s"": 0.0442, ""objective"": 1328, ""source"": ""wsl"", ""reused_from"": null}, {""seed"": 1, ""status"": ""OPTIMAL"", ""proved_optimal"": true, ""runtime_s"": 0.0238, ""objective"": 1210, ""source"": ""wsl"", ""reused_from"": null}, {""seed"": 2, ""status"": ""OPTIMAL"", ""proved_optimal"": true, ""runtime_s"": 0.0621, ""objective"": 1261, ""source"": ""wsl"", ""reused_from"": null}]"
long600,config,300,optimathsat,3,2,149.8413,,,93.2474,149.8413,"{""OPTIMAL"": 2, ""TIMEOUT"": 1}","[{""seed"": 0, ""status"": ""OPTIMAL"", ""proved_optimal"": true, ""runtime_s"": 93.2474, ""objective"": 1328, ""source"": ""wsl"", ""reused_from"": null}, {""seed"": 1, ""status"": ""OPTIMAL"", ""proved_optimal"": true, ""runtime_s"": 149.8413, ""objective"": 1210, ""source"": ""wsl"", ""reused_from"": null}, {""seed"": 2, ""status"": ""TIMEOUT"", ""proved_optimal"": false, ""runtime_s"": 600.0135, ""objective"": null, ""source"": ""wsl"", ""reused_from"": null}]"
long600,config,300,scip,3,3,0.0259,0.0218,0.0426,0.0177,0.0593,"{""OPTIMAL"": 3}","[{""seed"": 0, ""status"": ""OPTIMAL"", ""proved_optimal"": true, ""runtime_s"": 0.0259, ""objective"": 1328, ""source"": ""wsl"", ""reused_from"": null}, {""seed"": 1, ""status"": ""OPTIMAL"", ""proved_optimal"": true, ""runtime_s"": 0.0177, ""objective"": 1210, ""source"": ""wsl"", ""reused_from"": null}, {""seed"": 2, ""status"": ""OPTIMAL"", ""proved_optimal"": true, ""runtime_s"": 0.0593, ""objective"": 1261, ""source"": ""wsl"", ""reused_from"": null}]"
long600,config,300,z3,3,2,225.2151,,,66.8379,225.2151,"{""OPTIMAL"": 2, ""TIMEOUT"": 1}","[{""seed"": 0, ""status"": ""OPTIMAL"", ""proved_optimal"": true, ""runtime_s"": 225.2151, ""objective"": 1328, ""source"": ""wsl"", ""reused_from"": null}, {""seed"": 1, ""status"": ""OPTIMAL"", ""proved_optimal"": true, ""runtime_s"": 66.8379, ""objective"": 1210, ""source"": ""wsl"", ""reused_from"": null}, {""seed"": 2, ""status"": ""TIMEOUT"", ""proved_optimal"": false, ""runtime_s"": 600.0082, ""objective"": null, ""source"": ""wsl"", ""reused_from"": null}]"
long600,gap,40,cbc,3,3,0.1046,0.09425,0.10805000000000001,0.0839,0.1115,"{""OPTIMAL"": 3}","[{""seed"": 0, ""status"": ""OPTIMAL"", ""proved_optimal"": true, ""runtime_s"": 0.1046, ""objective"": 87, ""source"": ""wsl"", ""reused_from"": null}, {""seed"": 1, ""status"": ""OPTIMAL"", ""proved_optimal"": true, ""runtime_s"": 0.0839, ""objective"": 89, ""source"": ""wsl"", ""reused_from"": null}, {""seed"": 2, ""status"": ""OPTIMAL"", ""proved_optimal"": true, ""runtime_s"": 0.1115, ""objective"": 108, ""source"": ""wsl"", ""reused_from"": null}]"
long600,gap,40,cplex-ind,3,3,0.0234,0.01745,0.049,0.0115,0.0746,"{""OPTIMAL"": 3}","[{""seed"": 0, ""status"": ""OPTIMAL"", ""proved_optimal"": true, ""runtime_s"": 0.0746, ""objective"": 87, ""source"": ""wsl"", ""reused_from"": null}, {""seed"": 1, ""status"": ""OPTIMAL"", ""proved_optimal"": true, ""runtime_s"": 0.0234, ""objective"": 89, ""source"": ""wsl"", ""reused_from"": null}, {""seed"": 2, ""status"": ""OPTIMAL"", ""proved_optimal"": true, ""runtime_s"": 0.0115, ""objective"": 108, ""source"": ""wsl"", ""reused_from"": null}]"
long600,gap,40,cpsat,3,3,0.0468,0.04095,0.10160000000000001,0.0351,0.1564,"{""OPTIMAL"": 3}","[{""seed"": 0, ""status"": ""OPTIMAL"", ""proved_optimal"": true, ""runtime_s"": 0.1564, ""objective"": 87, ""source"": ""wsl"", ""reused_from"": null}, {""seed"": 1, ""status"": ""OPTIMAL"", ""proved_optimal"": true, ""runtime_s"": 0.0351, ""objective"": 89, ""source"": ""wsl"", ""reused_from"": null}, {""seed"": 2, ""status"": ""OPTIMAL"", ""proved_optimal"": true, ""runtime_s"": 0.0468, ""objective"": 108, ""source"": ""wsl"", ""reused_from"": null}]"
long600,gap,40,gecode,3,0,inf,,,,,"{""SAT"": 3}","[{""seed"": 0, ""status"": ""SAT"", ""proved_optimal"": false, ""runtime_s"": 600.0, ""objective"": 284, ""source"": ""wsl"", ""reused_from"": null}, {""seed"": 1, ""status"": ""SAT"", ""proved_optimal"": false, ""runtime_s"": 600.0, ""objective"": 206, ""source"": ""wsl"", ""reused_from"": null}, {""seed"": 2, ""status"": ""SAT"", ""proved_optimal"": false, ""runtime_s"": 600.0, ""objective"": 301, ""source"": ""wsl"", ""reused_from"": null}]"
long600,gap,40,gurobi-ind,3,3,0.0084,0.0068,0.03365,0.0052,0.0589,"{""OPTIMAL"": 3}","[{""seed"": 0, ""status"": ""OPTIMAL"", ""proved_optimal"": true, ""runtime_s"": 0.0589, ""objective"": 87, ""source"": ""wsl"", ""reused_from"": null}, {""seed"": 1, ""status"": ""OPTIMAL"", ""proved_optimal"": true, ""runtime_s"": 0.0084, ""objective"": 89, ""source"": ""wsl"", ""reused_from"": null}, {""seed"": 2, ""status"": ""OPTIMAL"", ""proved_optimal"": true, ""runtime_s"": 0.0052, ""objective"": 108, ""source"": ""wsl"", ""reused_from"": null}]"
long600,gap,40,highs,3,3,0.0265,0.02495,0.04655,0.0234,0.0666,"{""OPTIMAL"": 3}","[{""seed"": 0, ""status"": ""OPTIMAL"", ""proved_optimal"": true, ""runtime_s"": 0.0666, ""objective"": 87, ""source"": ""wsl"", ""reused_from"": null}, {""seed"": 1, ""status"": ""OPTIMAL"", ""proved_optimal"": true, ""runtime_s"": 0.0265, ""objective"": 89, ""source"": ""wsl"", ""reused_from"": null}, {""seed"": 2, ""status"": ""OPTIMAL"", ""proved_optimal"": true, ""runtime_s"": 0.0234, ""objective"": 108, ""source"": ""wsl"", ""reused_from"": null}]"
long600,gap,40,optimathsat,3,3,0.4815,0.4256,0.71095,0.3697,0.9404,"{""OPTIMAL"": 3}","[{""seed"": 0, ""status"": ""OPTIMAL"", ""proved_optimal"": true, ""runtime_s"": 0.3697, ""objective"": 87, ""source"": ""wsl"", ""reused_from"": null}, {""seed"": 1, ""status"": ""OPTIMAL"", ""proved_optimal"": true, ""runtime_s"": 0.4815, ""objective"": 89, ""source"": ""wsl"", ""reused_from"": null}, {""seed"": 2, ""status"": ""OPTIMAL"", ""proved_optimal"": true, ""runtime_s"": 0.9404, ""objective"": 108, ""source"": ""wsl"", ""reused_from"": null}]"
long600,gap,40,scip,3,3,0.0189,0.0177,0.09925,0.0165,0.1796,"{""OPTIMAL"": 3}","[{""seed"": 0, ""status"": ""OPTIMAL"", ""proved_optimal"": true, ""runtime_s"": 0.1796, ""objective"": 87, ""source"": ""wsl"", ""reused_from"": null}, {""seed"": 1, ""status"": ""OPTIMAL"", ""proved_optimal"": true, ""runtime_s"": 0.0189, ""objective"": 89, ""source"": ""wsl"", ""reused_from"": null}, {""seed"": 2, ""status"": ""OPTIMAL"", ""proved_optimal"": true, ""runtime_s"": 0.0165, ""objective"": 108, ""source"": ""wsl"", ""reused_from"": null}]"
long600,gap,40,z3,3,3,0.5811,0.35014999999999996,0.5844,0.1192,0.5877,"{""OPTIMAL"": 3}","[{""seed"": 0, ""status"": ""OPTIMAL"", ""proved_optimal"": true, ""runtime_s"": 0.1192, ""objective"": 87, ""source"": ""wsl"", ""reused_from"": null}, {""seed"": 1, ""status"": ""OPTIMAL"", ""proved_optimal"": true, ""runtime_s"": 0.5811, ""objective"": 89, ""source"": ""wsl"", ""reused_from"": null}, {""seed"": 2, ""status"": ""OPTIMAL"", ""proved_optimal"": true, ""runtime_s"": 0.5877, ""objective"": 108, ""source"": ""wsl"", ""reused_from"": null}]"
long600,gap,80,cbc,3,3,0.1448,0.1345,0.1532,0.1242,0.1616,"{""OPTIMAL"": 3}","[{""seed"": 0, ""status"": ""OPTIMAL"", ""proved_optimal"": true, ""runtime_s"": 0.1448, ""objective"": 120, ""source"": ""wsl"", ""reused_from"": null}, {""seed"": 1, ""status"": ""OPTIMAL"", ""proved_optimal"": true, ""runtime_s"": 0.1616, ""objective"": 128, ""source"": ""wsl"", ""reused_from"": null}, {""seed"": 2, ""status"": ""OPTIMAL"", ""proved_optimal"": true, ""runtime_s"": 0.1242, ""objective"": 139, ""source"": ""wsl"", ""reused_from"": null}]"
long600,gap,80,cplex-ind,3,3,0.023,0.02015,0.024,0.0173,0.025,"{""OPTIMAL"": 3}","[{""seed"": 0, ""status"": ""OPTIMAL"", ""proved_optimal"": true, ""runtime_s"": 0.025, ""objective"": 120, ""source"": ""wsl"", ""reused_from"": null}, {""seed"": 1, ""status"": ""OPTIMAL"", ""proved_optimal"": true, ""runtime_s"": 0.023, ""objective"": 128, ""source"": ""wsl"", ""reused_from"": null}, {""seed"": 2, ""status"": ""OPTIMAL"", ""proved_optimal"": true, ""runtime_s"": 0.0173, ""objective"": 139, ""source"": ""wsl"", ""reused_from"": null}]"
long600,gap,80,cpsat,3,3,0.0577,0.05265,0.06115,0.0476,0.0646,"{""OPTIMAL"": 3}","[{""seed"": 0, ""status"": ""OPTIMAL"", ""proved_optimal"": true, ""runtime_s"": 0.0577, ""objective"": 120, ""source"": ""wsl"", ""reused_from"": null}, {""seed"": 1, ""status"": ""OPTIMAL"", ""proved_optimal"": true, ""runtime_s"": 0.0646, ""objective"": 128, ""source"": ""wsl"", ""reused_from"": null}, {""seed"": 2, ""status"": ""OPTIMAL"", ""proved_optimal"": true, ""runtime_s"": 0.0476, ""objective"": 139, ""source"": ""wsl"", ""reused_from"": null}]"
long600,gap,80,gecode,3,0,inf,,,,,"{""SAT"": 3}","[{""seed"": 0, ""status"": ""SAT"", ""proved_optimal"": false, ""runtime_s"": 600.0, ""objective"": 594, ""source"": ""wsl"", ""reused_from"": null}, {""seed"": 1, ""status"": ""SAT"", ""proved_optimal"": false, ""runtime_s"": 600.0, ""objective"": 727, ""source"": ""wsl"", ""reused_from"": null}, {""seed"": 2, ""status"": ""SAT"", ""proved_optimal"": false, ""runtime_s"": 600.0, ""objective"": 555, ""source"": ""wsl"", ""reused_from"": null}]"
long600,gap,80,gurobi-ind,3,3,0.0106,0.0089,0.01955,0.0072,0.0285,"{""OPTIMAL"": 3}","[{""seed"": 0, ""status"": ""OPTIMAL"", ""proved_optimal"": true, ""runtime_s"": 0.0285, ""objective"": 120, ""source"": ""wsl"", ""reused_from"": null}, {""seed"": 1, ""status"": ""OPTIMAL"", ""proved_optimal"": true, ""runtime_s"": 0.0106, ""objective"": 128, ""source"": ""wsl"", ""reused_from"": null}, {""seed"": 2, ""status"": ""OPTIMAL"", ""proved_optimal"": true, ""runtime_s"": 0.0072, ""objective"": 139, ""source"": ""wsl"", ""reused_from"": null}]"
long600,gap,80,highs,3,3,0.1061,0.09755,0.11065,0.089,0.1152,"{""OPTIMAL"": 3}","[{""seed"": 0, ""status"": ""OPTIMAL"", ""proved_optimal"": true, ""runtime_s"": 0.1152, ""objective"": 120, ""source"": ""wsl"", ""reused_from"": null}, {""seed"": 1, ""status"": ""OPTIMAL"", ""proved_optimal"": true, ""runtime_s"": 0.1061, ""objective"": 128, ""source"": ""wsl"", ""reused_from"": null}, {""seed"": 2, ""status"": ""OPTIMAL"", ""proved_optimal"": true, ""runtime_s"": 0.089, ""objective"": 139, ""source"": ""wsl"", ""reused_from"": null}]"
long600,gap,80,optimathsat,3,2,9.2833,,,9.0175,9.2833,"{""TIMEOUT"": 1, ""OPTIMAL"": 2}","[{""seed"": 0, ""status"": ""TIMEOUT"", ""proved_optimal"": false, ""runtime_s"": 600.0129, ""objective"": null, ""source"": ""wsl"", ""reused_from"": null}, {""seed"": 1, ""status"": ""OPTIMAL"", ""proved_optimal"": true, ""runtime_s"": 9.2833, ""objective"": 128, ""source"": ""wsl"", ""reused_from"": null}, {""seed"": 2, ""status"": ""OPTIMAL"", ""proved_optimal"": true, ""runtime_s"": 9.0175, ""objective"": 139, ""source"": ""wsl"", ""reused_from"": null}]"
long600,gap,80,scip,3,3,0.046,0.04365,0.0519,0.0413,0.0578,"{""OPTIMAL"": 3}","[{""seed"": 0, ""status"": ""OPTIMAL"", ""proved_optimal"": true, ""runtime_s"": 0.0578, ""objective"": 120, ""source"": ""wsl"", ""reused_from"": null}, {""seed"": 1, ""status"": ""OPTIMAL"", ""proved_optimal"": true, ""runtime_s"": 0.046, ""objective"": 128, ""source"": ""wsl"", ""reused_from"": null}, {""seed"": 2, ""status"": ""OPTIMAL"", ""proved_optimal"": true, ""runtime_s"": 0.0413, ""objective"": 139, ""source"": ""wsl"", ""reused_from"": null}]"
long600,gap,80,z3,3,3,3.0785,2.63475,5.4802,2.191,7.8819,"{""OPTIMAL"": 3}","[{""seed"": 0, ""status"": ""OPTIMAL"", ""proved_optimal"": true, ""runtime_s"": 7.8819, ""objective"": 120, ""source"": ""wsl"", ""reused_from"": null}, {""seed"": 1, ""status"": ""OPTIMAL"", ""proved_optimal"": true, ""runtime_s"": 3.0785, ""objective"": 128, ""source"": ""wsl"", ""reused_from"": null}, {""seed"": 2, ""status"": ""OPTIMAL"", ""proved_optimal"": true, ""runtime_s"": 2.191, ""objective"": 139, ""source"": ""wsl"", ""reused_from"": null}]"
long600,gap,160,cbc,3,3,0.422,0.3506,0.4571,0.2792,0.4922,"{""OPTIMAL"": 3}","[{""seed"": 0, ""status"": ""OPTIMAL"", ""proved_optimal"": true, ""runtime_s"": 0.4922, ""objective"": 183, ""source"": ""wsl"", ""reused_from"": null}, {""seed"": 1, ""status"": ""OPTIMAL"", ""proved_optimal"": true, ""runtime_s"": 0.2792, ""objective"": 184, ""source"": ""wsl"", ""reused_from"": null}, {""seed"": 2, ""status"": ""OPTIMAL"", ""proved_optimal"": true, ""runtime_s"": 0.422, ""objective"": 193, ""source"": ""wsl"", ""reused_from"": null}]"
long600,gap,160,cplex-ind,3,3,0.0656,0.06495000000000001,0.07405,0.0643,0.0825,"{""OPTIMAL"": 3}","[{""seed"": 0, ""status"": ""OPTIMAL"", ""proved_optimal"": true, ""runtime_s"": 0.0825, ""objective"": 183, ""source"": ""wsl"", ""reused_from"": null}, {""seed"": 1, ""status"": ""OPTIMAL"", ""proved_optimal"": true, ""runtime_s"": 0.0656, ""objective"": 184, ""source"": ""wsl"", ""reused_from"": null}, {""seed"": 2, ""status"": ""OPTIMAL"", ""proved_optimal"": true, ""runtime_s"": 0.0643, ""objective"": 193, ""source"": ""wsl"", ""reused_from"": null}]"
long600,gap,160,cpsat,3,3,0.5649,0.414,1.0215,0.2631,1.4781,"{""OPTIMAL"": 3}","[{""seed"": 0, ""status"": ""OPTIMAL"", ""proved_optimal"": true, ""runtime_s"": 1.4781, ""objective"": 183, ""source"": ""wsl"", ""reused_from"": null}, {""seed"": 1, ""status"": ""OPTIMAL"", ""proved_optimal"": true, ""runtime_s"": 0.2631, ""objective"": 184, ""source"": ""wsl"", ""reused_from"": null}, {""seed"": 2, ""status"": ""OPTIMAL"", ""proved_optimal"": true, ""runtime_s"": 0.5649, ""objective"": 193, ""source"": ""wsl"", ""reused_from"": null}]"
long600,gap,160,gecode,3,0,inf,,,,,"{""SAT"": 3}","[{""seed"": 0, ""status"": ""SAT"", ""proved_optimal"": false, ""runtime_s"": 600.0, ""objective"": 1532, ""source"": ""wsl"", ""reused_from"": null}, {""seed"": 1, ""status"": ""SAT"", ""proved_optimal"": false, ""runtime_s"": 600.0, ""objective"": 1570, ""source"": ""wsl"", ""reused_from"": null}, {""seed"": 2, ""status"": ""SAT"", ""proved_optimal"": false, ""runtime_s"": 600.0, ""objective"": 1513, ""source"": ""wsl"", ""reused_from"": null}]"
long600,gap,160,gurobi-ind,3,3,0.0259,0.025750000000000002,0.0306,0.0256,0.0353,"{""OPTIMAL"": 3}","[{""seed"": 0, ""status"": ""OPTIMAL"", ""proved_optimal"": true, ""runtime_s"": 0.0259, ""objective"": 183, ""source"": ""gurobi_win"", ""reused_from"": null}, {""seed"": 1, ""status"": ""OPTIMAL"", ""proved_optimal"": true, ""runtime_s"": 0.0353, ""objective"": 184, ""source"": ""gurobi_win"", ""reused_from"": null}, {""seed"": 2, ""status"": ""OPTIMAL"", ""proved_optimal"": true, ""runtime_s"": 0.0256, ""objective"": 193, ""source"": ""gurobi_win"", ""reused_from"": null}]"
long600,gap,160,highs,3,3,0.4246,0.41225,0.46835,0.3999,0.5121,"{""OPTIMAL"": 3}","[{""seed"": 0, ""status"": ""OPTIMAL"", ""proved_optimal"": true, ""runtime_s"": 0.5121, ""objective"": 183, ""source"": ""wsl"", ""reused_from"": null}, {""seed"": 1, ""status"": ""OPTIMAL"", ""proved_optimal"": true, ""runtime_s"": 0.4246, ""objective"": 184, ""source"": ""wsl"", ""reused_from"": null}, {""seed"": 2, ""status"": ""OPTIMAL"", ""proved_optimal"": true, ""runtime_s"": 0.3999, ""objective"": 193, ""source"": ""wsl"", ""reused_from"": null}]"
long600,gap,160,optimathsat,3,2,306.6999,,,168.6052,306.6999,"{""TIMEOUT"": 1, ""OPTIMAL"": 2}","[{""seed"": 0, ""status"": ""TIMEOUT"", ""proved_optimal"": false, ""runtime_s"": 600.0297, ""objective"": null, ""source"": ""wsl"", ""reused_from"": null}, {""seed"": 1, ""status"": ""OPTIMAL"", ""proved_optimal"": true, ""runtime_s"": 306.6999, ""objective"": 184, ""source"": ""wsl"", ""reused_from"": null}, {""seed"": 2, ""status"": ""OPTIMAL"", ""proved_optimal"": true, ""runtime_s"": 168.6052, ""objective"": 193, ""source"": ""wsl"", ""reused_from"": null}]"
long600,gap,160,scip,3,3,0.2206,0.22015,0.26565,0.2197,0.3107,"{""OPTIMAL"": 3}","[{""seed"": 0, ""status"": ""OPTIMAL"", ""proved_optimal"": true, ""runtime_s"": 0.3107, ""objective"": 183, ""source"": ""wsl"", ""reused_from"": null}, {""seed"": 1, ""status"": ""OPTIMAL"", ""proved_optimal"": true, ""runtime_s"": 0.2206, ""objective"": 184, ""source"": ""wsl"", ""reused_from"": null}, {""seed"": 2, ""status"": ""OPTIMAL"", ""proved_optimal"": true, ""runtime_s"": 0.2197, ""objective"": 193, ""source"": ""wsl"", ""reused_from"": null}]"
long600,gap,160,z3,3,2,63.5476,,,14.1285,63.5476,"{""OPTIMAL"": 2, ""TIMEOUT"": 1}","[{""seed"": 0, ""status"": ""OPTIMAL"", ""proved_optimal"": true, ""runtime_s"": 14.1285, ""objective"": 183, ""source"": ""wsl"", ""reused_from"": null}, {""seed"": 1, ""status"": ""OPTIMAL"", ""proved_optimal"": true, ""runtime_s"": 63.5476, ""objective"": 184, ""source"": ""wsl"", ""reused_from"": null}, {""seed"": 2, ""status"": ""TIMEOUT"", ""proved_optimal"": false, ""runtime_s"": 600.0368, ""objective"": null, ""source"": ""wsl"", ""reused_from"": null}]"
long600,gap,320,cbc,3,3,0.6248,0.61885,0.6527499999999999,0.6129,0.6807,"{""OPTIMAL"": 3}","[{""seed"": 0, ""status"": ""OPTIMAL"", ""proved_optimal"": true, ""runtime_s"": 0.6807, ""objective"": 327, ""source"": ""wsl"", ""reused_from"": null}, {""seed"": 1, ""status"": ""OPTIMAL"", ""proved_optimal"": true, ""runtime_s"": 0.6129, ""objective"": 326, ""source"": ""wsl"", ""reused_from"": null}, {""seed"": 2, ""status"": ""OPTIMAL"", ""proved_optimal"": true, ""runtime_s"": 0.6248, ""objective"": 330, ""source"": ""wsl"", ""reused_from"": null}]"
long600,gap,320,cplex-ind,3,3,0.2237,0.22055000000000002,0.23135,0.2174,0.239,"{""OPTIMAL"": 3}","[{""seed"": 0, ""status"": ""OPTIMAL"", ""proved_optimal"": true, ""runtime_s"": 0.239, ""objective"": 327, ""source"": ""wsl"", ""reused_from"": null}, {""seed"": 1, ""status"": ""OPTIMAL"", ""proved_optimal"": true, ""runtime_s"": 0.2237, ""objective"": 326, ""source"": ""wsl"", ""reused_from"": null}, {""seed"": 2, ""status"": ""OPTIMAL"", ""proved_optimal"": true, ""runtime_s"": 0.2174, ""objective"": 330, ""source"": ""wsl"", ""reused_from"": null}]"
long600,gap,320,cpsat,3,3,1.0814,1.0671499999999998,1.12425,1.0529,1.1671,"{""OPTIMAL"": 3}","[{""seed"": 0, ""status"": ""OPTIMAL"", ""proved_optimal"": true, ""runtime_s"": 1.0814, ""objective"": 327, ""source"": ""wsl"", ""reused_from"": null}, {""seed"": 1, ""status"": ""OPTIMAL"", ""proved_optimal"": true, ""runtime_s"": 1.0529, ""objective"": 326, ""source"": ""wsl"", ""reused_from"": null}, {""seed"": 2, ""status"": ""OPTIMAL"", ""proved_optimal"": true, ""runtime_s"": 1.1671, ""objective"": 330, ""source"": ""wsl"", ""reused_from"": null}]"
long600,gap,320,gecode,3,0,inf,,,,,"{""ERROR"": 3}","[{""seed"": 0, ""status"": ""ERROR"", ""proved_optimal"": false, ""runtime_s"": 20.7014, ""objective"": null, ""source"": ""wsl"", ""reused_from"": null}, {""seed"": 1, ""status"": ""ERROR"", ""proved_optimal"": false, ""runtime_s"": 18.9184, ""objective"": null, ""source"": ""wsl"", ""reused_from"": null}, {""seed"": 2, ""status"": ""ERROR"", ""proved_optimal"": false, ""runtime_s"": 20.6941, ""objective"": null, ""source"": ""wsl"", ""reused_from"": null}]"
long600,gap,320,gurobi-ind,3,3,0.0869,0.08475,0.0884,0.0826,0.0899,"{""OPTIMAL"": 3}","[{""seed"": 0, ""status"": ""OPTIMAL"", ""proved_optimal"": true, ""runtime_s"": 0.0869, ""objective"": 327, ""source"": ""gurobi_win"", ""reused_from"": null}, {""seed"": 1, ""status"": ""OPTIMAL"", ""proved_optimal"": true, ""runtime_s"": 0.0826, ""objective"": 326, ""source"": ""gurobi_win"", ""reused_from"": null}, {""seed"": 2, ""status"": ""OPTIMAL"", ""proved_optimal"": true, ""runtime_s"": 0.0899, ""objective"": 330, ""source"": ""gurobi_win"", ""reused_from"": null}]"
long600,gap,320,highs,3,3,1.6653,1.50325,1.7412,1.3412,1.8171,"{""OPTIMAL"": 3}","[{""seed"": 0, ""status"": ""OPTIMAL"", ""proved_optimal"": true, ""runtime_s"": 1.8171, ""objective"": 327, ""source"": ""wsl"", ""reused_from"": null}, {""seed"": 1, ""status"": ""OPTIMAL"", ""proved_optimal"": true, ""runtime_s"": 1.6653, ""objective"": 326, ""source"": ""wsl"", ""reused_from"": null}, {""seed"": 2, ""status"": ""OPTIMAL"", ""proved_optimal"": true, ""runtime_s"": 1.3412, ""objective"": 330, ""source"": ""wsl"", ""reused_from"": null}]"
long600,gap,320,optimathsat,3,0,inf,,,,,"{""TIMEOUT"": 3}","[{""seed"": 0, ""status"": ""TIMEOUT"", ""proved_optimal"": false, ""runtime_s"": 600.0787, ""objective"": null, ""source"": ""wsl"", ""reused_from"": null}, {""seed"": 1, ""status"": ""TIMEOUT"", ""proved_optimal"": false, ""runtime_s"": 600.0727, ""objective"": null, ""source"": ""wsl"", ""reused_from"": null}, {""seed"": 2, ""status"": ""TIMEOUT"", ""proved_optimal"": false, ""runtime_s"": 600.0577, ""objective"": null, ""source"": ""wsl"", ""reused_from"": null}]"
long600,gap,320,scip,3,3,1.0169,1.0005,1.05825,0.9841,1.0996,"{""OPTIMAL"": 3}","[{""seed"": 0, ""status"": ""OPTIMAL"", ""proved_optimal"": true, ""runtime_s"": 1.0169, ""objective"": 327, ""source"": ""wsl"", ""reused_from"": null}, {""seed"": 1, ""status"": ""OPTIMAL"", ""proved_optimal"": true, ""runtime_s"": 0.9841, ""objective"": 326, ""source"": ""wsl"", ""reused_from"": null}, {""seed"": 2, ""status"": ""OPTIMAL"", ""proved_optimal"": true, ""runtime_s"": 1.0996, ""objective"": 330, ""source"": ""wsl"", ""reused_from"": null}]"
long600,gap,320,z3,3,0,inf,,,,,"{""TIMEOUT"": 3}","[{""seed"": 0, ""status"": ""TIMEOUT"", ""proved_optimal"": false, ""runtime_s"": 600.2387, ""objective"": null, ""source"": ""wsl"", ""reused_from"": null}, {""seed"": 1, ""status"": ""TIMEOUT"", ""proved_optimal"": false, ""runtime_s"": 600.2575, ""objective"": null, ""source"": ""wsl"", ""reused_from"": null}, {""seed"": 2, ""status"": ""TIMEOUT"", ""proved_optimal"": false, ""runtime_s"": 600.2213, ""objective"": null, ""source"": ""wsl"", ""reused_from"": null}]"
long600,knapsack,40,cbc,3,3,0.0717,0.07055,0.07980000000000001,0.0694,0.0879,"{""OPTIMAL"": 3}","[{""seed"": 0, ""status"": ""OPTIMAL"", ""proved_optimal"": true, ""runtime_s"": 0.0879, ""objective"": 328, ""source"": ""wsl"", ""reused_from"": null}, {""seed"": 1, ""status"": ""OPTIMAL"", ""proved_optimal"": true, ""runtime_s"": 0.0717, ""objective"": 306, ""source"": ""wsl"", ""reused_from"": null}, {""seed"": 2, ""status"": ""OPTIMAL"", ""proved_optimal"": true, ""runtime_s"": 0.0694, ""objective"": 299, ""source"": ""wsl"", ""reused_from"": null}]"
long600,knapsack,40,cplex-ind,3,3,0.0059,0.00535,0.0157,0.0048,0.0255,"{""OPTIMAL"": 3}","[{""seed"": 0, ""status"": ""OPTIMAL"", ""proved_optimal"": true, ""runtime_s"": 0.0255, ""objective"": 328, ""source"": ""wsl"", ""reused_from"": null}, {""seed"": 1, ""status"": ""OPTIMAL"", ""proved_optimal"": true, ""runtime_s"": 0.0048, ""objective"": 306, ""source"": ""wsl"", ""reused_from"": null}, {""seed"": 2, ""status"": ""OPTIMAL"", ""proved_optimal"": true, ""runtime_s"": 0.0059, ""objective"": 299, ""source"": ""wsl"", ""reused_from"": null}]"
long600,knapsack,40,cpsat,3,3,0.005,0.0049499999999999995,0.006500000000000001,0.0049,0.008,"{""OPTIMAL"": 3}","[{""seed"": 0, ""status"": ""OPTIMAL"", ""proved_optimal"": true, ""runtime_s"": 0.008, ""objective"": 328, ""source"": ""wsl"", ""reused_from"": null}, {""seed"": 1, ""status"": ""OPTIMAL"", ""proved_optimal"": true, ""runtime_s"": 0.0049, ""objective"": 306, ""source"": ""wsl"", ""reused_from"": null}, {""seed"": 2, ""status"": ""OPTIMAL"", ""proved_optimal"": true, ""runtime_s"": 0.005, ""objective"": 299, ""source"": ""wsl"", ""reused_from"": null}]"
long600,knapsack,40,gecode,3,3,41.1771,25.14395,62.800250000000005,9.1108,84.4234,"{""OPTIMAL"": 3}","[{""seed"": 0, ""status"": ""OPTIMAL"", ""proved_optimal"": true, ""runtime_s"": 84.4234, ""objective"": 328, ""source"": ""wsl"", ""reused_from"": null}, {""seed"": 1, ""status"": ""OPTIMAL"", ""proved_optimal"": true, ""runtime_s"": 9.1108, ""objective"": 306, ""source"": ""wsl"", ""reused_from"": null}, {""seed"": 2, ""status"": ""OPTIMAL"", ""proved_optimal"": true, ""runtime_s"": 41.1771, ""objective"": 299, ""source"": ""wsl"", ""reused_from"": null}]"
long600,knapsack,40,gurobi-ind,3,3,0.0023,0.0023,0.0123,0.0023,0.0223,"{""OPTIMAL"": 3}","[{""seed"": 0, ""status"": ""OPTIMAL"", ""proved_optimal"": true, ""runtime_s"": 0.0223, ""objective"": 328, ""source"": ""wsl"", ""reused_from"": null}, {""seed"": 1, ""status"": ""OPTIMAL"", ""proved_optimal"": true, ""runtime_s"": 0.0023, ""objective"": 306, ""source"": ""wsl"", ""reused_from"": null}, {""seed"": 2, ""status"": ""OPTIMAL"", ""proved_optimal"": true, ""runtime_s"": 0.0023, ""objective"": 299, ""source"": ""wsl"", ""reused_from"": null}]"
long600,knapsack,40,highs,3,3,0.0125,0.01,0.0144,0.0075,0.0163,"{""OPTIMAL"": 3}","[{""seed"": 0, ""status"": ""OPTIMAL"", ""proved_optimal"": true, ""runtime_s"": 0.0075, ""objective"": 328, ""source"": ""wsl"", ""reused_from"": null}, {""seed"": 1, ""status"": ""OPTIMAL"", ""proved_optimal"": true, ""runtime_s"": 0.0163, ""objective"": 306, ""source"": ""wsl"", ""reused_from"": null}, {""seed"": 2, ""status"": ""OPTIMAL"", ""proved_optimal"": true, ""runtime_s"": 0.0125, ""objective"": 299, ""source"": ""wsl"", ""reused_from"": null}]"
long600,knapsack,40,optimathsat,3,2,0.1795,,,0.1246,0.1795,"{""OPTIMAL"": 2, ""SAT"": 1}","[{""seed"": 0, ""status"": ""OPTIMAL"", ""proved_optimal"": true, ""runtime_s"": 0.1795, ""objective"": 328, ""source"": ""wsl"", ""reused_from"": null}, {""seed"": 1, ""status"": ""OPTIMAL"", ""proved_optimal"": true, ""runtime_s"": 0.1246, ""objective"": 306, ""source"": ""wsl"", ""reused_from"": null}, {""seed"": 2, ""status"": ""SAT"", ""proved_optimal"": false, ""runtime_s"": 0.1237, ""objective"": 284, ""source"": ""wsl"", ""reused_from"": null}]"
long600,knapsack,40,scip,3,3,0.0071,0.007,0.00915,0.0069,0.0112,"{""OPTIMAL"": 3}","[{""seed"": 0, ""status"": ""OPTIMAL"", ""proved_optimal"": true, ""runtime_s"": 0.0112, ""objective"": 328, ""source"": ""wsl"", ""reused_from"": null}, {""seed"": 1, ""status"": ""OPTIMAL"", ""proved_optimal"": true, ""runtime_s"": 0.0071, ""objective"": 306, ""source"": ""wsl"", ""reused_from"": null}, {""seed"": 2, ""status"": ""OPTIMAL"", ""proved_optimal"": true, ""runtime_s"": 0.0069, ""objective"": 299, ""source"": ""wsl"", ""reused_from"": null}]"
long600,knapsack,40,z3,3,3,0.1232,0.12265000000000001,0.14579999999999999,0.1221,0.1684,"{""OPTIMAL"": 3}","[{""seed"": 0, ""status"": ""OPTIMAL"", ""proved_optimal"": true, ""runtime_s"": 0.1221, ""objective"": 328, ""source"": ""wsl"", ""reused_from"": null}, {""seed"": 1, ""status"": ""OPTIMAL"", ""proved_optimal"": true, ""runtime_s"": 0.1232, ""objective"": 306, ""source"": ""wsl"", ""reused_from"": null}, {""seed"": 2, ""status"": ""OPTIMAL"", ""proved_optimal"": true, ""runtime_s"": 0.1684, ""objective"": 299, ""source"": ""wsl"", ""reused_from"": null}]"
long600,knapsack,80,cbc,3,3,0.0826,0.08,0.08765,0.0774,0.0927,"{""OPTIMAL"": 3}","[{""seed"": 0, ""status"": ""OPTIMAL"", ""proved_optimal"": true, ""runtime_s"": 0.0826, ""objective"": 672, ""source"": ""wsl"", ""reused_from"": null}, {""seed"": 1, ""status"": ""OPTIMAL"", ""proved_optimal"": true, ""runtime_s"": 0.0774, ""objective"": 648, ""source"": ""wsl"", ""reused_from"": null}, {""seed"": 2, ""status"": ""OPTIMAL"", ""proved_optimal"": true, ""runtime_s"": 0.0927, ""objective"": 724, ""source"": ""wsl"", ""reused_from"": null}]"
long600,knapsack,80,cplex-ind,3,3,0.0064,0.00625,0.00685,0.0061,0.0073,"{""OPTIMAL"": 3}","[{""seed"": 0, ""status"": ""OPTIMAL"", ""proved_optimal"": true, ""runtime_s"": 0.0064, ""objective"": 672, ""source"": ""wsl"", ""reused_from"": null}, {""seed"": 1, ""status"": ""OPTIMAL"", ""proved_optimal"": true, ""runtime_s"": 0.0061, ""objective"": 648, ""source"": ""wsl"", ""reused_from"": null}, {""seed"": 2, ""status"": ""OPTIMAL"", ""proved_optimal"": true, ""runtime_s"": 0.0073, ""objective"": 724, ""source"": ""wsl"", ""reused_from"": null}]"
long600,knapsack,80,cpsat,3,3,0.0088,0.0088,0.0092,0.0088,0.0096,"{""OPTIMAL"": 3}","[{""seed"": 0, ""status"": ""OPTIMAL"", ""proved_optimal"": true, ""runtime_s"": 0.0088, ""objective"": 672, ""source"": ""wsl"", ""reused_from"": null}, {""seed"": 1, ""status"": ""OPTIMAL"", ""proved_optimal"": true, ""runtime_s"": 0.0096, ""objective"": 648, ""source"": ""wsl"", ""reused_from"": null}, {""seed"": 2, ""status"": ""OPTIMAL"", ""proved_optimal"": true, ""runtime_s"": 0.0088, ""objective"": 724, ""source"": ""wsl"", ""reused_from"": null}]"
long600,knapsack,80,gecode,3,0,inf,,,,,"{""SAT"": 3}","[{""seed"": 0, ""status"": ""SAT"", ""proved_optimal"": false, ""runtime_s"": 600.0, ""objective"": 576, ""source"": ""wsl"", ""reused_from"": null}, {""seed"": 1, ""status"": ""SAT"", ""proved_optimal"": false, ""runtime_s"": 600.0, ""objective"": 513, ""source"": ""wsl"", ""reused_from"": null}, {""seed"": 2, ""status"": ""SAT"", ""proved_optimal"": false, ""runtime_s"": 600.0, ""objective"": 653, ""source"": ""wsl"", ""reused_from"": null}]"
long600,knapsack,80,gurobi-ind,3,3,0.0027,0.0026,0.0055,0.0025,0.0083,"{""OPTIMAL"": 3}","[{""seed"": 0, ""status"": ""OPTIMAL"", ""proved_optimal"": true, ""runtime_s"": 0.0027, ""objective"": 672, ""source"": ""wsl"", ""reused_from"": null}, {""seed"": 1, ""status"": ""OPTIMAL"", ""proved_optimal"": true, ""runtime_s"": 0.0083, ""objective"": 648, ""source"": ""wsl"", ""reused_from"": null}, {""seed"": 2, ""status"": ""OPTIMAL"", ""proved_optimal"": true, ""runtime_s"": 0.0025, ""objective"": 724, ""source"": ""wsl"", ""reused_from"": null}]"
long600,knapsack,80,highs,3,3,0.0192,0.01515,0.022899999999999997,0.0111,0.0266,"{""OPTIMAL"": 3}","[{""seed"": 0, ""status"": ""OPTIMAL"", ""proved_optimal"": true, ""runtime_s"": 0.0266, ""objective"": 672, ""source"": ""wsl"", ""reused_from"": null}, {""seed"": 1, ""status"": ""OPTIMAL"", ""proved_optimal"": true, ""runtime_s"": 0.0192, ""objective"": 648, ""source"": ""wsl"", ""reused_from"": null}, {""seed"": 2, ""status"": ""OPTIMAL"", ""proved_optimal"": true, ""runtime_s"": 0.0111, ""objective"": 724, ""source"": ""wsl"", ""reused_from"": null}]"
long600,knapsack,80,optimathsat,3,3,0.1781,0.1743,0.49035,0.1705,0.8026,"{""OPTIMAL"": 3}","[{""seed"": 0, ""status"": ""OPTIMAL"", ""proved_optimal"": true, ""runtime_s"": 0.1705, ""objective"": 672, ""source"": ""wsl"", ""reused_from"": null}, {""seed"": 1, ""status"": ""OPTIMAL"", ""proved_optimal"": true, ""runtime_s"": 0.8026, ""objective"": 648, ""source"": ""wsl"", ""reused_from"": null}, {""seed"": 2, ""status"": ""OPTIMAL"", ""proved_optimal"": true, ""runtime_s"": 0.1781, ""objective"": 724, ""source"": ""wsl"", ""reused_from"": null}]"
long600,knapsack,80,scip,3,3,0.0095,0.00835,0.01035,0.0072,0.0112,"{""OPTIMAL"": 3}","[{""seed"": 0, ""status"": ""OPTIMAL"", ""proved_optimal"": true, ""runtime_s"": 0.0095, ""objective"": 672, ""source"": ""wsl"", ""reused_from"": null}, {""seed"": 1, ""status"": ""OPTIMAL"", ""proved_optimal"": true, ""runtime_s"": 0.0112, ""objective"": 648, ""source"": ""wsl"", ""reused_from"": null}, {""seed"": 2, ""status"": ""OPTIMAL"", ""proved_optimal"": true, ""runtime_s"": 0.0072, ""objective"": 724, ""source"": ""wsl"", ""reused_from"": null}]"
long600,knapsack,80,z3,3,3,0.2857,0.25925,0.35845000000000005,0.2328,0.4312,"{""OPTIMAL"": 3}","[{""seed"": 0, ""status"": ""OPTIMAL"", ""proved_optimal"": true, ""runtime_s"": 0.2857, ""objective"": 672, ""source"": ""wsl"", ""reused_from"": null}, {""seed"": 1, ""status"": ""OPTIMAL"", ""proved_optimal"": true, ""runtime_s"": 0.4312, ""objective"": 648, ""source"": ""wsl"", ""reused_from"": null}, {""seed"": 2, ""status"": ""OPTIMAL"", ""proved_optimal"": true, ""runtime_s"": 0.2328, ""objective"": 724, ""source"": ""wsl"", ""reused_from"": null}]"
long600,knapsack,160,cbc,3,3,0.0896,0.08565,0.09079999999999999,0.0817,0.092,"{""OPTIMAL"": 3}","[{""seed"": 0, ""status"": ""OPTIMAL"", ""proved_optimal"": true, ""runtime_s"": 0.092, ""objective"": 1297, ""source"": ""wsl"", ""reused_from"": null}, {""seed"": 1, ""status"": ""OPTIMAL"", ""proved_optimal"": true, ""runtime_s"": 0.0817, ""objective"": 1358, ""source"": ""wsl"", ""reused_from"": null}, {""seed"": 2, ""status"": ""OPTIMAL"", ""proved_optimal"": true, ""runtime_s"": 0.0896, ""objective"": 1280, ""source"": ""wsl"", ""reused_from"": null}]"
long600,knapsack,160,cplex-ind,3,3,0.0076,0.0068000000000000005,0.012199999999999999,0.006,0.0168,"{""OPTIMAL"": 3}","[{""seed"": 0, ""status"": ""OPTIMAL"", ""proved_optimal"": true, ""runtime_s"": 0.0168, ""objective"": 1297, ""source"": ""wsl"", ""reused_from"": null}, {""seed"": 1, ""status"": ""OPTIMAL"", ""proved_optimal"": true, ""runtime_s"": 0.0076, ""objective"": 1358, ""source"": ""wsl"", ""reused_from"": null}, {""seed"": 2, ""status"": ""OPTIMAL"", ""proved_optimal"": true, ""runtime_s"": 0.006, ""objective"": 1280, ""source"": ""wsl"", ""reused_from"": null}]"
long600,knapsack,160,cpsat,3,3,0.0205,0.020200000000000003,0.022350000000000002,0.0199,0.0242,"{""OPTIMAL"": 3}","[{""seed"": 0, ""status"": ""OPTIMAL"", ""proved_optimal"": true, ""runtime_s"": 0.0242, ""objective"": 1297, ""source"": ""wsl"", ""reused_from"": null}, {""seed"": 1, ""status"": ""OPTIMAL"", ""proved_optimal"": true, ""runtime_s"": 0.0205, ""objective"": 1358, ""source"": ""wsl"", ""reused_from"": null}, {""seed"": 2, ""status"": ""OPTIMAL"", ""proved_optimal"": true, ""runtime_s"": 0.0199, ""objective"": 1280, ""source"": ""wsl"", ""reused_from"": null}]"
long600,knapsack,160,gecode,3,0,inf,,,,,"{""SAT"": 3}","[{""seed"": 0, ""status"": ""SAT"", ""proved_optimal"": false, ""runtime_s"": 600.0, ""objective"": 1003, ""source"": ""wsl"", ""reused_from"": null}, {""seed"": 1, ""status"": ""SAT"", ""proved_optimal"": false, ""runtime_s"": 600.0, ""objective"": 1071, ""source"": ""wsl"", ""reused_from"": null}, {""seed"": 2, ""status"": ""SAT"", ""proved_optimal"": false, ""runtime_s"": 600.0, ""objective"": 1130, ""source"": ""wsl"", ""reused_from"": null}]"
long600,knapsack,160,gurobi-ind,3,3,0.0064,0.00625,0.006750000000000001,0.0061,0.0071,"{""OPTIMAL"": 3}","[{""seed"": 0, ""status"": ""OPTIMAL"", ""proved_optimal"": true, ""runtime_s"": 0.0061, ""objective"": 1297, ""source"": ""wsl"", ""reused_from"": null}, {""seed"": 1, ""status"": ""OPTIMAL"", ""proved_optimal"": true, ""runtime_s"": 0.0064, ""objective"": 1358, ""source"": ""wsl"", ""reused_from"": null}, {""seed"": 2, ""status"": ""OPTIMAL"", ""proved_optimal"": true, ""runtime_s"": 0.0071, ""objective"": 1280, ""source"": ""wsl"", ""reused_from"": null}]"
long600,knapsack,160,highs,3,3,0.023,0.021150000000000002,0.030699999999999998,0.0193,0.0384,"{""OPTIMAL"": 3}","[{""seed"": 0, ""status"": ""OPTIMAL"", ""proved_optimal"": true, ""runtime_s"": 0.0384, ""objective"": 1297, ""source"": ""wsl"", ""reused_from"": null}, {""seed"": 1, ""status"": ""OPTIMAL"", ""proved_optimal"": true, ""runtime_s"": 0.023, ""objective"": 1358, ""source"": ""wsl"", ""reused_from"": null}, {""seed"": 2, ""status"": ""OPTIMAL"", ""proved_optimal"": true, ""runtime_s"": 0.0193, ""objective"": 1280, ""source"": ""wsl"", ""reused_from"": null}]"
long600,knapsack,160,optimathsat,3,3,0.1759,0.17415,0.20629999999999998,0.1724,0.2367,"{""OPTIMAL"": 3}","[{""seed"": 0, ""status"": ""OPTIMAL"", ""proved_optimal"": true, ""runtime_s"": 0.1724, ""objective"": 1297, ""source"": ""wsl"", ""reused_from"": null}, {""seed"": 1, ""status"": ""OPTIMAL"", ""proved_optimal"": true, ""runtime_s"": 0.2367, ""objective"": 1358, ""source"": ""wsl"", ""reused_from"": null}, {""seed"": 2, ""status"": ""OPTIMAL"", ""proved_optimal"": true, ""runtime_s"": 0.1759, ""objective"": 1280, ""source"": ""wsl"", ""reused_from"": null}]"
long600,knapsack,160,scip,3,3,0.0105,0.0103,0.01875,0.0101,0.027,"{""OPTIMAL"": 3}","[{""seed"": 0, ""status"": ""OPTIMAL"", ""proved_optimal"": true, ""runtime_s"": 0.027, ""objective"": 1297, ""source"": ""wsl"", ""reused_from"": null}, {""seed"": 1, ""status"": ""OPTIMAL"", ""proved_optimal"": true, ""runtime_s"": 0.0105, ""objective"": 1358, ""source"": ""wsl"", ""reused_from"": null}, {""seed"": 2, ""status"": ""OPTIMAL"", ""proved_optimal"": true, ""runtime_s"": 0.0101, ""objective"": 1280, ""source"": ""wsl"", ""reused_from"": null}]"
long600,knapsack,160,z3,3,3,1.4475,1.2147000000000001,1.52035,0.9819,1.5932,"{""OPTIMAL"": 3}","[{""seed"": 0, ""status"": ""OPTIMAL"", ""proved_optimal"": true, ""runtime_s"": 1.5932, ""objective"": 1297, ""source"": ""wsl"", ""reused_from"": null}, {""seed"": 1, ""status"": ""OPTIMAL"", ""proved_optimal"": true, ""runtime_s"": 1.4475, ""objective"": 1358, ""source"": ""wsl"", ""reused_from"": null}, {""seed"": 2, ""status"": ""OPTIMAL"", ""proved_optimal"": true, ""runtime_s"": 0.9819, ""objective"": 1280, ""source"": ""wsl"", ""reused_from"": null}]"
long600,knapsack,320,cbc,3,3,0.0839,0.0826,0.08505,0.0813,0.0862,"{""OPTIMAL"": 3}","[{""seed"": 0, ""status"": ""OPTIMAL"", ""proved_optimal"": true, ""runtime_s"": 0.0862, ""objective"": 2533, ""source"": ""wsl"", ""reused_from"": null}, {""seed"": 1, ""status"": ""OPTIMAL"", ""proved_optimal"": true, ""runtime_s"": 0.0813, ""objective"": 2628, ""source"": ""wsl"", ""reused_from"": null}, {""seed"": 2, ""status"": ""OPTIMAL"", ""proved_optimal"": true, ""runtime_s"": 0.0839, ""objective"": 2556, ""source"": ""wsl"", ""reused_from"": null}]"
long600,knapsack,320,cplex-ind,3,3,0.0118,0.00915,0.01245,0.0065,0.0131,"{""OPTIMAL"": 3}","[{""seed"": 0, ""status"": ""OPTIMAL"", ""proved_optimal"": true, ""runtime_s"": 0.0065, ""objective"": 2533, ""source"": ""wsl"", ""reused_from"": null}, {""seed"": 1, ""status"": ""OPTIMAL"", ""proved_optimal"": true, ""runtime_s"": 0.0131, ""objective"": 2628, ""source"": ""wsl"", ""reused_from"": null}, {""seed"": 2, ""status"": ""OPTIMAL"", ""proved_optimal"": true, ""runtime_s"": 0.0118, ""objective"": 2556, ""source"": ""wsl"", ""reused_from"": null}]"
long600,knapsack,320,cpsat,3,3,0.0979,0.09575,0.106,0.0936,0.1141,"{""OPTIMAL"": 3}","[{""seed"": 0, ""status"": ""OPTIMAL"", ""proved_optimal"": true, ""runtime_s"": 0.1141, ""objective"": 2533, ""source"": ""wsl"", ""reused_from"": null}, {""seed"": 1, ""status"": ""OPTIMAL"", ""proved_optimal"": true, ""runtime_s"": 0.0936, ""objective"": 2628, ""source"": ""wsl"", ""reused_from"": null}, {""seed"": 2, ""status"": ""OPTIMAL"", ""proved_optimal"": true, ""runtime_s"": 0.0979, ""objective"": 2556, ""source"": ""wsl"", ""reused_from"": null}]"
long600,knapsack,320,gecode,3,0,inf,,,,,"{""SAT"": 3}","[{""seed"": 0, ""status"": ""SAT"", ""proved_optimal"": false, ""runtime_s"": 600.0, ""objective"": 1746, ""source"": ""wsl"", ""reused_from"": null}, {""seed"": 1, ""status"": ""SAT"", ""proved_optimal"": false, ""runtime_s"": 600.0, ""objective"": 1909, ""source"": ""wsl"", ""reused_from"": null}, {""seed"": 2, ""status"": ""SAT"", ""proved_optimal"": false, ""runtime_s"": 600.0, ""objective"": 1884, ""source"": ""wsl"", ""reused_from"": null}]"
long600,knapsack,320,gurobi-ind,3,3,0.0036,0.0031999999999999997,0.00365,0.0028,0.0037,"{""OPTIMAL"": 3}","[{""seed"": 0, ""status"": ""OPTIMAL"", ""proved_optimal"": true, ""runtime_s"": 0.0037, ""objective"": 2533, ""source"": ""wsl"", ""reused_from"": null}, {""seed"": 1, ""status"": ""OPTIMAL"", ""proved_optimal"": true, ""runtime_s"": 0.0036, ""objective"": 2628, ""source"": ""wsl"", ""reused_from"": null}, {""seed"": 2, ""status"": ""OPTIMAL"", ""proved_optimal"": true, ""runtime_s"": 0.0028, ""objective"": 2556, ""source"": ""wsl"", ""reused_from"": null}]"
long600,knapsack,320,highs,3,3,0.0668,0.06275,0.08485000000000001,0.0587,0.1029,"{""OPTIMAL"": 3}","[{""seed"": 0, ""status"": ""OPTIMAL"", ""proved_optimal"": true, ""runtime_s"": 0.1029, ""objective"": 2533, ""source"": ""wsl"", ""reused_from"": null}, {""seed"": 1, ""status"": ""OPTIMAL"", ""proved_optimal"": true, ""runtime_s"": 0.0668, ""objective"": 2628, ""source"": ""wsl"", ""reused_from"": null}, {""seed"": 2, ""status"": ""OPTIMAL"", ""proved_optimal"": true, ""runtime_s"": 0.0587, ""objective"": 2556, ""source"": ""wsl"", ""reused_from"": null}]"
long600,knapsack,320,optimathsat,3,3,44.125,38.4174,77.11195000000001,32.7098,110.0989,"{""OPTIMAL"": 3}","[{""seed"": 0, ""status"": ""OPTIMAL"", ""proved_optimal"": true, ""runtime_s"": 44.125, ""objective"": 2533, ""source"": ""wsl"", ""reused_from"": null}, {""seed"": 1, ""status"": ""OPTIMAL"", ""proved_optimal"": true, ""runtime_s"": 110.0989, ""objective"": 2628, ""source"": ""wsl"", ""reused_from"": null}, {""seed"": 2, ""status"": ""OPTIMAL"", ""proved_optimal"": true, ""runtime_s"": 32.7098, ""objective"": 2556, ""source"": ""wsl"", ""reused_from"": null}]"
long600,knapsack,320,scip,3,3,0.0395,0.02665,0.039599999999999996,0.0138,0.0397,"{""OPTIMAL"": 3}","[{""seed"": 0, ""status"": ""OPTIMAL"", ""proved_optimal"": true, ""runtime_s"": 0.0138, ""objective"": 2533, ""source"": ""wsl"", ""reused_from"": null}, {""seed"": 1, ""status"": ""OPTIMAL"", ""proved_optimal"": true, ""runtime_s"": 0.0397, ""objective"": 2628, ""source"": ""wsl"", ""reused_from"": null}, {""seed"": 2, ""status"": ""OPTIMAL"", ""proved_optimal"": true, ""runtime_s"": 0.0395, ""objective"": 2556, ""source"": ""wsl"", ""reused_from"": null}]"
long600,knapsack,320,z3,3,3,4.2152,3.43325,8.29985,2.6513,12.3845,"{""OPTIMAL"": 3}","[{""seed"": 0, ""status"": ""OPTIMAL"", ""proved_optimal"": true, ""runtime_s"": 4.2152, ""objective"": 2533, ""source"": ""wsl"", ""reused_from"": null}, {""seed"": 1, ""status"": ""OPTIMAL"", ""proved_optimal"": true, ""runtime_s"": 12.3845, ""objective"": 2628, ""source"": ""wsl"", ""reused_from"": null}, {""seed"": 2, ""status"": ""OPTIMAL"", ""proved_optimal"": true, ""runtime_s"": 2.6513, ""objective"": 2556, ""source"": ""wsl"", ""reused_from"": null}]"
long600,knapsack,640,cbc,3,3,0.0837,0.08185,0.08495,0.08,0.0862,"{""OPTIMAL"": 3}","[{""seed"": 0, ""status"": ""OPTIMAL"", ""proved_optimal"": true, ""runtime_s"": 0.0837, ""objective"": 5078, ""source"": ""wsl"", ""reused_from"": null}, {""seed"": 1, ""status"": ""OPTIMAL"", ""proved_optimal"": true, ""runtime_s"": 0.0862, ""objective"": 5268, ""source"": ""wsl"", ""reused_from"": null}, {""seed"": 2, ""status"": ""OPTIMAL"", ""proved_optimal"": true, ""runtime_s"": 0.08, ""objective"": 5198, ""source"": ""wsl"", ""reused_from"": null}]"
long600,knapsack,640,cplex-ind,3,3,0.0129,0.0114,0.0156,0.0099,0.0183,"{""OPTIMAL"": 3}","[{""seed"": 0, ""status"": ""OPTIMAL"", ""proved_optimal"": true, ""runtime_s"": 0.0129, ""objective"": 5078, ""source"": ""wsl"", ""reused_from"": null}, {""seed"": 1, ""status"": ""OPTIMAL"", ""proved_optimal"": true, ""runtime_s"": 0.0183, ""objective"": 5268, ""source"": ""wsl"", ""reused_from"": null}, {""seed"": 2, ""status"": ""OPTIMAL"", ""proved_optimal"": true, ""runtime_s"": 0.0099, ""objective"": 5198, ""source"": ""wsl"", ""reused_from"": null}]"
long600,knapsack,640,cpsat,3,3,0.4891,0.46345000000000003,0.5128999999999999,0.4378,0.5367,"{""OPTIMAL"": 3}","[{""seed"": 0, ""status"": ""OPTIMAL"", ""proved_optimal"": true, ""runtime_s"": 0.4891, ""objective"": 5078, ""source"": ""wsl"", ""reused_from"": null}, {""seed"": 1, ""status"": ""OPTIMAL"", ""proved_optimal"": true, ""runtime_s"": 0.5367, ""objective"": 5268, ""source"": ""wsl"", ""reused_from"": null}, {""seed"": 2, ""status"": ""OPTIMAL"", ""proved_optimal"": true, ""runtime_s"": 0.4378, ""objective"": 5198, ""source"": ""wsl"", ""reused_from"": null}]"
long600,knapsack,640,gecode,3,0,inf,,,,,"{""SAT"": 3}","[{""seed"": 0, ""status"": ""SAT"", ""proved_optimal"": false, ""runtime_s"": 600.0, ""objective"": 3468, ""source"": ""wsl"", ""reused_from"": null}, {""seed"": 1, ""status"": ""SAT"", ""proved_optimal"": false, ""runtime_s"": 600.0, ""objective"": 3588, ""source"": ""wsl"", ""reused_from"": null}, {""seed"": 2, ""status"": ""SAT"", ""proved_optimal"": false, ""runtime_s"": 600.0, ""objective"": 3434, ""source"": ""wsl"", ""reused_from"": null}]"
long600,knapsack,640,gurobi-ind,3,3,0.005,0.00485,0.0055,0.0047,0.006,"{""OPTIMAL"": 3}","[{""seed"": 0, ""status"": ""OPTIMAL"", ""proved_optimal"": true, ""runtime_s"": 0.0047, ""objective"": 5078, ""source"": ""wsl"", ""reused_from"": null}, {""seed"": 1, ""status"": ""OPTIMAL"", ""proved_optimal"": true, ""runtime_s"": 0.006, ""objective"": 5268, ""source"": ""wsl"", ""reused_from"": null}, {""seed"": 2, ""status"": ""OPTIMAL"", ""proved_optimal"": true, ""runtime_s"": 0.005, ""objective"": 5198, ""source"": ""wsl"", ""reused_from"": null}]"
long600,knapsack,640,highs,3,3,0.0682,0.0669,0.0867,0.0656,0.1052,"{""OPTIMAL"": 3}","[{""seed"": 0, ""status"": ""OPTIMAL"", ""proved_optimal"": true, ""runtime_s"": 0.0682, ""objective"": 5078, ""source"": ""wsl"", ""reused_from"": null}, {""seed"": 1, ""status"": ""OPTIMAL"", ""proved_optimal"": true, ""runtime_s"": 0.0656, ""objective"": 5268, ""source"": ""wsl"", ""reused_from"": null}, {""seed"": 2, ""status"": ""OPTIMAL"", ""proved_optimal"": true, ""runtime_s"": 0.1052, ""objective"": 5198, ""source"": ""wsl"", ""reused_from"": null}]"
long600,knapsack,640,optimathsat,3,2,123.7876,,,26.5799,123.7876,"{""OPTIMAL"": 2, ""TIMEOUT"": 1}","[{""seed"": 0, ""status"": ""OPTIMAL"", ""proved_optimal"": true, ""runtime_s"": 26.5799, ""objective"": 5078, ""source"": ""wsl"", ""reused_from"": null}, {""seed"": 1, ""status"": ""OPTIMAL"", ""proved_optimal"": true, ""runtime_s"": 123.7876, ""objective"": 5268, ""source"": ""wsl"", ""reused_from"": null}, {""seed"": 2, ""status"": ""TIMEOUT"", ""proved_optimal"": false, ""runtime_s"": 600.0106, ""objective"": null, ""source"": ""wsl"", ""reused_from"": null}]"
long600,knapsack,640,scip,3,3,0.045,0.035,0.0558,0.025,0.0666,"{""OPTIMAL"": 3}","[{""seed"": 0, ""status"": ""OPTIMAL"", ""proved_optimal"": true, ""runtime_s"": 0.0666, ""objective"": 5078, ""source"": ""wsl"", ""reused_from"": null}, {""seed"": 1, ""status"": ""OPTIMAL"", ""proved_optimal"": true, ""runtime_s"": 0.045, ""objective"": 5268, ""source"": ""wsl"", ""reused_from"": null}, {""seed"": 2, ""status"": ""OPTIMAL"", ""proved_optimal"": true, ""runtime_s"": 0.025, ""objective"": 5198, ""source"": ""wsl"", ""reused_from"": null}]"
long600,knapsack,640,z3,3,3,37.2157,20.16955,44.37175,3.1234,51.5278,"{""OPTIMAL"": 3}","[{""seed"": 0, ""status"": ""OPTIMAL"", ""proved_optimal"": true, ""runtime_s"": 37.2157, ""objective"": 5078, ""source"": ""wsl"", ""reused_from"": null}, {""seed"": 1, ""status"": ""OPTIMAL"", ""proved_optimal"": true, ""runtime_s"": 3.1234, ""objective"": 5268, ""source"": ""wsl"", ""reused_from"": null}, {""seed"": 2, ""status"": ""OPTIMAL"", ""proved_optimal"": true, ""runtime_s"": 51.5278, ""objective"": 5198, ""source"": ""wsl"", ""reused_from"": null}]"
long600,setcover,40,cbc,3,3,0.0712,0.06885,0.07855000000000001,0.0665,0.0859,"{""OPTIMAL"": 3}","[{""seed"": 0, ""status"": ""OPTIMAL"", ""proved_optimal"": true, ""runtime_s"": 0.0712, ""objective"": 94, ""source"": ""wsl"", ""reused_from"": null}, {""seed"": 1, ""status"": ""OPTIMAL"", ""proved_optimal"": true, ""runtime_s"": 0.0859, ""objective"": 89, ""source"": ""wsl"", ""reused_from"": null}, {""seed"": 2, ""status"": ""OPTIMAL"", ""proved_optimal"": true, ""runtime_s"": 0.0665, ""objective"": 79, ""source"": ""wsl"", ""reused_from"": null}]"
long600,setcover,40,cplex-ind,3,3,0.0038,0.0031,0.00395,0.0024,0.0041,"{""OPTIMAL"": 3}","[{""seed"": 0, ""status"": ""OPTIMAL"", ""proved_optimal"": true, ""runtime_s"": 0.0024, ""objective"": 94, ""source"": ""wsl"", ""reused_from"": null}, {""seed"": 1, ""status"": ""OPTIMAL"", ""proved_optimal"": true, ""runtime_s"": 0.0041, ""objective"": 89, ""source"": ""wsl"", ""reused_from"": null}, {""seed"": 2, ""status"": ""OPTIMAL"", ""proved_optimal"": true, ""runtime_s"": 0.0038, ""objective"": 79, ""source"": ""wsl"", ""reused_from"": null}]"
long600,setcover,40,cpsat,3,3,0.0025,0.0024000000000000002,0.00255,0.0023,0.0026,"{""OPTIMAL"": 3}","[{""seed"": 0, ""status"": ""OPTIMAL"", ""proved_optimal"": true, ""runtime_s"": 0.0023, ""objective"": 94, ""source"": ""wsl"", ""reused_from"": null}, {""seed"": 1, ""status"": ""OPTIMAL"", ""proved_optimal"": true, ""runtime_s"": 0.0025, ""objective"": 89, ""source"": ""wsl"", ""reused_from"": null}, {""seed"": 2, ""status"": ""OPTIMAL"", ""proved_optimal"": true, ""runtime_s"": 0.0026, ""objective"": 79, ""source"": ""wsl"", ""reused_from"": null}]"
long600,setcover,40,gecode,3,3,0.1218,0.1188,0.1226,0.1158,0.1234,"{""OPTIMAL"": 3}","[{""seed"": 0, ""status"": ""OPTIMAL"", ""proved_optimal"": true, ""runtime_s"": 0.1158, ""objective"": 94, ""source"": ""wsl"", ""reused_from"": null}, {""seed"": 1, ""status"": ""OPTIMAL"", ""proved_optimal"": true, ""runtime_s"": 0.1218, ""objective"": 89, ""source"": ""wsl"", ""reused_from"": null}, {""seed"": 2, ""status"": ""OPTIMAL"", ""proved_optimal"": true, ""runtime_s"": 0.1234, ""objective"": 79, ""source"": ""wsl"", ""reused_from"": null}]"
long600,setcover,40,gurobi-ind,3,3,0.0009,0.0008500000000000001,0.00105,0.0008,0.0012,"{""OPTIMAL"": 3}","[{""seed"": 0, ""status"": ""OPTIMAL"", ""proved_optimal"": true, ""runtime_s"": 0.0008, ""objective"": 94, ""source"": ""wsl"", ""reused_from"": null}, {""seed"": 1, ""status"": ""OPTIMAL"", ""proved_optimal"": true, ""runtime_s"": 0.0012, ""objective"": 89, ""source"": ""wsl"", ""reused_from"": null}, {""seed"": 2, ""status"": ""OPTIMAL"", ""proved_optimal"": true, ""runtime_s"": 0.0009, ""objective"": 79, ""source"": ""wsl"", ""reused_from"": null}]"
long600,setcover,40,highs,3,3,0.0067,0.00645,0.0069,0.0062,0.0071,"{""OPTIMAL"": 3}","[{""seed"": 0, ""status"": ""OPTIMAL"", ""proved_optimal"": true, ""runtime_s"": 0.0062, ""objective"": 94, ""source"": ""wsl"", ""reused_from"": null}, {""seed"": 1, ""status"": ""OPTIMAL"", ""proved_optimal"": true, ""runtime_s"": 0.0071, ""objective"": 89, ""source"": ""wsl"", ""reused_from"": null}, {""seed"": 2, ""status"": ""OPTIMAL"", ""proved_optimal"": true, ""runtime_s"": 0.0067, ""objective"": 79, ""source"": ""wsl"", ""reused_from"": null}]"
long600,setcover,40,optimathsat,3,3,0.0703,0.0702,0.09455,0.0701,0.1188,"{""OPTIMAL"": 3}","[{""seed"": 0, ""status"": ""OPTIMAL"", ""proved_optimal"": true, ""runtime_s"": 0.0701, ""objective"": 94, ""source"": ""wsl"", ""reused_from"": null}, {""seed"": 1, ""status"": ""OPTIMAL"", ""proved_optimal"": true, ""runtime_s"": 0.1188, ""objective"": 89, ""source"": ""wsl"", ""reused_from"": null}, {""seed"": 2, ""status"": ""OPTIMAL"", ""proved_optimal"": true, ""runtime_s"": 0.0703, ""objective"": 79, ""source"": ""wsl"", ""reused_from"": null}]"
long600,setcover,40,scip,3,3,0.0044,0.00415,0.0044,0.0039,0.0044,"{""OPTIMAL"": 3}","[{""seed"": 0, ""status"": ""OPTIMAL"", ""proved_optimal"": true, ""runtime_s"": 0.0044, ""objective"": 94, ""source"": ""wsl"", ""reused_from"": null}, {""seed"": 1, ""status"": ""OPTIMAL"", ""proved_optimal"": true, ""runtime_s"": 0.0044, ""objective"": 89, ""source"": ""wsl"", ""reused_from"": null}, {""seed"": 2, ""status"": ""OPTIMAL"", ""proved_optimal"": true, ""runtime_s"": 0.0039, ""objective"": 79, ""source"": ""wsl"", ""reused_from"": null}]"
long600,setcover,40,z3,3,3,0.0338,0.033699999999999994,0.03435,0.0336,0.0349,"{""OPTIMAL"": 3}","[{""seed"": 0, ""status"": ""OPTIMAL"", ""proved_optimal"": true, ""runtime_s"": 0.0349, ""objective"": 94, ""source"": ""wsl"", ""reused_from"": null}, {""seed"": 1, ""status"": ""OPTIMAL"", ""proved_optimal"": true, ""runtime_s"": 0.0338, ""objective"": 89, ""source"": ""wsl"", ""reused_from"": null}, {""seed"": 2, ""status"": ""OPTIMAL"", ""proved_optimal"": true, ""runtime_s"": 0.0336, ""objective"": 79, ""source"": ""wsl"", ""reused_from"": null}]"
long600,setcover,80,cbc,3,3,0.077,0.07455,0.11349999999999999,0.0721,0.15,"{""OPTIMAL"": 3}","[{""seed"": 0, ""status"": ""OPTIMAL"", ""proved_optimal"": true, ""runtime_s"": 0.077, ""objective"": 58, ""source"": ""wsl"", ""reused_from"": null}, {""seed"": 1, ""status"": ""OPTIMAL"", ""proved_optimal"": true, ""runtime_s"": 0.0721, ""objective"": 83, ""source"": ""wsl"", ""reused_from"": null}, {""seed"": 2, ""status"": ""OPTIMAL"", ""proved_optimal"": true, ""runtime_s"": 0.15, ""objective"": 88, ""source"": ""wsl"", ""reused_from"": null}]"
long600,setcover,80,cplex-ind,3,3,0.0061,0.0056500000000000005,0.009600000000000001,0.0052,0.0131,"{""OPTIMAL"": 3}","[{""seed"": 0, ""status"": ""OPTIMAL"", ""proved_optimal"": true, ""runtime_s"": 0.0061, ""objective"": 58, ""source"": ""wsl"", ""reused_from"": null}, {""seed"": 1, ""status"": ""OPTIMAL"", ""proved_optimal"": true, ""runtime_s"": 0.0052, ""objective"": 83, ""source"": ""wsl"", ""reused_from"": null}, {""seed"": 2, ""status"": ""OPTIMAL"", ""proved_optimal"": true, ""runtime_s"": 0.0131, ""objective"": 88, ""source"": ""wsl"", ""reused_from"": null}]"
long600,setcover,80,cpsat,3,3,0.0072,0.0060999999999999995,0.008199999999999999,0.005,0.0092,"{""OPTIMAL"": 3}","[{""seed"": 0, ""status"": ""OPTIMAL"", ""proved_optimal"": true, ""runtime_s"": 0.005, ""objective"": 58, ""source"": ""wsl"", ""reused_from"": null}, {""seed"": 1, ""status"": ""OPTIMAL"", ""proved_optimal"": true, ""runtime_s"": 0.0072, ""objective"": 83, ""source"": ""wsl"", ""reused_from"": null}, {""seed"": 2, ""status"": ""OPTIMAL"", ""proved_optimal"": true, ""runtime_s"": 0.0092, ""objective"": 88, ""source"": ""wsl"", ""reused_from"": null}]"
long600,setcover,80,gecode,3,3,0.123,0.1217,0.12325,0.1204,0.1235,"{""OPTIMAL"": 3}","[{""seed"": 0, ""status"": ""OPTIMAL"", ""proved_optimal"": true, ""runtime_s"": 0.1204, ""objective"": 58, ""source"": ""wsl"", ""reused_from"": null}, {""seed"": 1, ""status"": ""OPTIMAL"", ""proved_optimal"": true, ""runtime_s"": 0.123, ""objective"": 83, ""source"": ""wsl"", ""reused_from"": null}, {""seed"": 2, ""status"": ""OPTIMAL"", ""proved_optimal"": true, ""runtime_s"": 0.1235, ""objective"": 88, ""source"": ""wsl"", ""reused_from"": null}]"
long600,setcover,80,gurobi-ind,3,3,0.0031,0.00285,0.00635,0.0026,0.0096,"{""OPTIMAL"": 3}","[{""seed"": 0, ""status"": ""OPTIMAL"", ""proved_optimal"": true, ""runtime_s"": 0.0031, ""objective"": 58, ""source"": ""wsl"", ""reused_from"": null}, {""seed"": 1, ""status"": ""OPTIMAL"", ""proved_optimal"": true, ""runtime_s"": 0.0026, ""objective"": 83, ""source"": ""wsl"", ""reused_from"": null}, {""seed"": 2, ""status"": ""OPTIMAL"", ""proved_optimal"": true, ""runtime_s"": 0.0096, ""objective"": 88, ""source"": ""wsl"", ""reused_from"": null}]"
long600,setcover,80,highs,3,3,0.0163,0.01405,0.03005,0.0118,0.0438,"{""OPTIMAL"": 3}","[{""seed"": 0, ""status"": ""OPTIMAL"", ""proved_optimal"": true, ""runtime_s"": 0.0163, ""objective"": 58, ""source"": ""wsl"", ""reused_from"": null}, {""seed"": 1, ""status"": ""OPTIMAL"", ""proved_optimal"": true, ""runtime_s"": 0.0118, ""objective"": 83, ""source"": ""wsl"", ""reused_from"": null}, {""seed"": 2, ""status"": ""OPTIMAL"", ""proved_optimal"": true, ""runtime_s"": 0.0438, ""objective"": 88, ""source"": ""wsl"", ""reused_from"": null}]"
long600,setcover,80,optimathsat,3,3,0.6089,0.3647,0.6104499999999999,0.1205,0.612,"{""OPTIMAL"": 3}","[{""seed"": 0, ""status"": ""OPTIMAL"", ""proved_optimal"": true, ""runtime_s"": 0.1205, ""objective"": 58, ""source"": ""wsl"", ""reused_from"": null}, {""seed"": 1, ""status"": ""OPTIMAL"", ""proved_optimal"": true, ""runtime_s"": 0.612, ""objective"": 83, ""source"": ""wsl"", ""reused_from"": null}, {""seed"": 2, ""status"": ""OPTIMAL"", ""proved_optimal"": true, ""runtime_s"": 0.6089, ""objective"": 88, ""source"": ""wsl"", ""reused_from"": null}]"
long600,setcover,80,scip,3,3,0.0073,0.00625,0.0193,0.0052,0.0313,"{""OPTIMAL"": 3}","[{""seed"": 0, ""status"": ""OPTIMAL"", ""proved_optimal"": true, ""runtime_s"": 0.0073, ""objective"": 58, ""source"": ""wsl"", ""reused_from"": null}, {""seed"": 1, ""status"": ""OPTIMAL"", ""proved_optimal"": true, ""runtime_s"": 0.0052, ""objective"": 83, ""source"": ""wsl"", ""reused_from"": null}, {""seed"": 2, ""status"": ""OPTIMAL"", ""proved_optimal"": true, ""runtime_s"": 0.0313, ""objective"": 88, ""source"": ""wsl"", ""reused_from"": null}]"
long600,setcover,80,z3,3,3,0.1219,0.1217,0.28215,0.1215,0.4424,"{""OPTIMAL"": 3}","[{""seed"": 0, ""status"": ""OPTIMAL"", ""proved_optimal"": true, ""runtime_s"": 0.1219, ""objective"": 58, ""source"": ""wsl"", ""reused_from"": null}, {""seed"": 1, ""status"": ""OPTIMAL"", ""proved_optimal"": true, ""runtime_s"": 0.1215, ""objective"": 83, ""source"": ""wsl"", ""reused_from"": null}, {""seed"": 2, ""status"": ""OPTIMAL"", ""proved_optimal"": true, ""runtime_s"": 0.4424, ""objective"": 88, ""source"": ""wsl"", ""reused_from"": null}]"
long600,setcover,160,cbc,3,3,0.0742,0.07105,0.08155000000000001,0.0679,0.0889,"{""OPTIMAL"": 3}","[{""seed"": 0, ""status"": ""OPTIMAL"", ""proved_optimal"": true, ""runtime_s"": 0.0889, ""objective"": 47, ""source"": ""wsl"", ""reused_from"": null}, {""seed"": 1, ""status"": ""OPTIMAL"", ""proved_optimal"": true, ""runtime_s"": 0.0679, ""objective"": 37, ""source"": ""wsl"", ""reused_from"": null}, {""seed"": 2, ""status"": ""OPTIMAL"", ""proved_optimal"": true, ""runtime_s"": 0.0742, ""objective"": 31, ""source"": ""wsl"", ""reused_from"": null}]"
long600,setcover,160,cplex-ind,3,3,0.0081,0.00705,0.00925,0.006,0.0104,"{""OPTIMAL"": 3}","[{""seed"": 0, ""status"": ""OPTIMAL"", ""proved_optimal"": true, ""runtime_s"": 0.0104, ""objective"": 47, ""source"": ""wsl"", ""reused_from"": null}, {""seed"": 1, ""status"": ""OPTIMAL"", ""proved_optimal"": true, ""runtime_s"": 0.006, ""objective"": 37, ""source"": ""wsl"", ""reused_from"": null}, {""seed"": 2, ""status"": ""OPTIMAL"", ""proved_optimal"": true, ""runtime_s"": 0.0081, ""objective"": 31, ""source"": ""wsl"", ""reused_from"": null}]"
long600,setcover,160,cpsat,3,3,0.0353,0.03185,0.09525,0.0284,0.1552,"{""OPTIMAL"": 3}","[{""seed"": 0, ""status"": ""OPTIMAL"", ""proved_optimal"": true, ""runtime_s"": 0.1552, ""objective"": 47, ""source"": ""wsl"", ""reused_from"": null}, {""seed"": 1, ""status"": ""OPTIMAL"", ""proved_optimal"": true, ""runtime_s"": 0.0284, ""objective"": 37, ""source"": ""wsl"", ""reused_from"": null}, {""seed"": 2, ""status"": ""OPTIMAL"", ""proved_optimal"": true, ""runtime_s"": 0.0353, ""objective"": 31, ""source"": ""wsl"", ""reused_from"": null}]"
long600,setcover,160,gecode,3,3,85.8776,58.111450000000005,102.07225,30.3453,118.2669,"{""OPTIMAL"": 3}","[{""seed"": 0, ""status"": ""OPTIMAL"", ""proved_optimal"": true, ""runtime_s"": 85.8776, ""objective"": 47, ""source"": ""wsl"", ""reused_from"": null}, {""seed"": 1, ""status"": ""OPTIMAL"", ""proved_optimal"": true, ""runtime_s"": 118.2669, ""objective"": 37, ""source"": ""wsl"", ""reused_from"": null}, {""seed"": 2, ""status"": ""OPTIMAL"", ""proved_optimal"": true, ""runtime_s"": 30.3453, ""objective"": 31, ""source"": ""wsl"", ""reused_from"": null}]"
long600,setcover,160,gurobi-ind,3,3,0.0037,0.00355,0.0056,0.0034,0.0075,"{""OPTIMAL"": 3}","[{""seed"": 0, ""status"": ""OPTIMAL"", ""proved_optimal"": true, ""runtime_s"": 0.0075, ""objective"": 47, ""source"": ""wsl"", ""reused_from"": null}, {""seed"": 1, ""status"": ""OPTIMAL"", ""proved_optimal"": true, ""runtime_s"": 0.0034, ""objective"": 37, ""source"": ""wsl"", ""reused_from"": null}, {""seed"": 2, ""status"": ""OPTIMAL"", ""proved_optimal"": true, ""runtime_s"": 0.0037, ""objective"": 31, ""source"": ""wsl"", ""reused_from"": null}]"
long600,setcover,160,highs,3,3,0.0155,0.01465,0.0382,0.0138,0.0609,"{""OPTIMAL"": 3}","[{""seed"": 0, ""status"": ""OPTIMAL"", ""proved_optimal"": true, ""runtime_s"": 0.0609, ""objective"": 47, ""source"": ""wsl"", ""reused_from"": null}, {""seed"": 1, ""status"": ""OPTIMAL"", ""proved_optimal"": true, ""runtime_s"": 0.0155, ""objective"": 37, ""source"": ""wsl"", ""reused_from"": null}, {""seed"": 2, ""status"": ""OPTIMAL"", ""proved_optimal"": true, ""runtime_s"": 0.0138, ""objective"": 31, ""source"": ""wsl"", ""reused_from"": null}]"
long600,setcover,160,optimathsat,3,3,29.4013,16.93,102.45944999999999,4.4587,175.5176,"{""OPTIMAL"": 3}","[{""seed"": 0, ""status"": ""OPTIMAL"", ""proved_optimal"": true, ""runtime_s"": 175.5176, ""objective"": 47, ""source"": ""wsl"", ""reused_from"": null}, {""seed"": 1, ""status"": ""OPTIMAL"", ""proved_optimal"": true, ""runtime_s"": 4.4587, ""objective"": 37, ""source"": ""wsl"", ""reused_from"": null}, {""seed"": 2, ""status"": ""OPTIMAL"", ""proved_optimal"": true, ""runtime_s"": 29.4013, ""objective"": 31, ""source"": ""wsl"", ""reused_from"": null}]"
long600,setcover,160,scip,3,3,0.0136,0.01115,0.020399999999999998,0.0087,0.0272,"{""OPTIMAL"": 3}","[{""seed"": 0, ""status"": ""OPTIMAL"", ""proved_optimal"": true, ""runtime_s"": 0.0272, ""objective"": 47, ""source"": ""wsl"", ""reused_from"": null}, {""seed"": 1, ""status"": ""OPTIMAL"", ""proved_optimal"": true, ""runtime_s"": 0.0087, ""objective"": 37, ""source"": ""wsl"", ""reused_from"": null}, {""seed"": 2, ""status"": ""OPTIMAL"", ""proved_optimal"": true, ""runtime_s"": 0.0136, ""objective"": 31, ""source"": ""wsl"", ""reused_from"": null}]"
long600,setcover,160,z3,3,3,0.2856,0.22835,111.17439999999999,0.1711,222.0632,"{""OPTIMAL"": 3}","[{""seed"": 0, ""status"": ""OPTIMAL"", ""proved_optimal"": true, ""runtime_s"": 222.0632, ""objective"": 47, ""source"": ""wsl"", ""reused_from"": null}, {""seed"": 1, ""status"": ""OPTIMAL"", ""proved_optimal"": true, ""runtime_s"": 0.1711, ""objective"": 37, ""source"": ""wsl"", ""reused_from"": null}, {""seed"": 2, ""status"": ""OPTIMAL"", ""proved_optimal"": true, ""runtime_s"": 0.2856, ""objective"": 31, ""source"": ""wsl"", ""reused_from"": null}]"
long600,setcover,240,cbc,3,3,0.3346,0.2504,0.5214000000000001,0.1662,0.7082,"{""OPTIMAL"": 3}","[{""seed"": 0, ""status"": ""OPTIMAL"", ""proved_optimal"": true, ""runtime_s"": 0.7082, ""objective"": 41, ""source"": ""wsl"", ""reused_from"": null}, {""seed"": 1, ""status"": ""OPTIMAL"", ""proved_optimal"": true, ""runtime_s"": 0.3346, ""objective"": 44, ""source"": ""wsl"", ""reused_from"": null}, {""seed"": 2, ""status"": ""OPTIMAL"", ""proved_optimal"": true, ""runtime_s"": 0.1662, ""objective"": 21, ""source"": ""wsl"", ""reused_from"": null}]"
long600,setcover,240,cplex-ind,3,3,0.0573,0.04625,0.0745,0.0352,0.0917,"{""OPTIMAL"": 3}","[{""seed"": 0, ""status"": ""OPTIMAL"", ""proved_optimal"": true, ""runtime_s"": 0.0352, ""objective"": 41, ""source"": ""wsl"", ""reused_from"": null}, {""seed"": 1, ""status"": ""OPTIMAL"", ""proved_optimal"": true, ""runtime_s"": 0.0917, ""objective"": 44, ""source"": ""wsl"", ""reused_from"": null}, {""seed"": 2, ""status"": ""OPTIMAL"", ""proved_optimal"": true, ""runtime_s"": 0.0573, ""objective"": 21, ""source"": ""wsl"", ""reused_from"": null}]"
long600,setcover,240,cpsat,3,3,0.6101,0.4103,0.86395,0.2105,1.1178,"{""OPTIMAL"": 3}","[{""seed"": 0, ""status"": ""OPTIMAL"", ""proved_optimal"": true, ""runtime_s"": 0.6101, ""objective"": 41, ""source"": ""wsl"", ""reused_from"": null}, {""seed"": 1, ""status"": ""OPTIMAL"", ""proved_optimal"": true, ""runtime_s"": 1.1178, ""objective"": 44, ""source"": ""wsl"", ""reused_from"": null}, {""seed"": 2, ""status"": ""OPTIMAL"", ""proved_optimal"": true, ""runtime_s"": 0.2105, ""objective"": 21, ""source"": ""wsl"", ""reused_from"": null}]"
long600,setcover,240,gecode,3,0,inf,,,,,"{""SAT"": 3}","[{""seed"": 0, ""status"": ""SAT"", ""proved_optimal"": false, ""runtime_s"": 600.0, ""objective"": 145, ""source"": ""wsl"", ""reused_from"": null}, {""seed"": 1, ""status"": ""SAT"", ""proved_optimal"": false, ""runtime_s"": 600.0, ""objective"": 122, ""source"": ""wsl"", ""reused_from"": null}, {""seed"": 2, ""status"": ""SAT"", ""proved_optimal"": false, ""runtime_s"": 600.0, ""objective"": 106, ""source"": ""wsl"", ""reused_from"": null}]"
long600,setcover,240,gurobi-ind,3,3,0.0416,0.03765,0.1235,0.0337,0.2054,"{""OPTIMAL"": 3}","[{""seed"": 0, ""status"": ""OPTIMAL"", ""proved_optimal"": true, ""runtime_s"": 0.0337, ""objective"": 41, ""source"": ""wsl"", ""reused_from"": null}, {""seed"": 1, ""status"": ""OPTIMAL"", ""proved_optimal"": true, ""runtime_s"": 0.2054, ""objective"": 44, ""source"": ""wsl"", ""reused_from"": null}, {""seed"": 2, ""status"": ""OPTIMAL"", ""proved_optimal"": true, ""runtime_s"": 0.0416, ""objective"": 21, ""source"": ""wsl"", ""reused_from"": null}]"
long600,setcover,240,highs,3,3,0.7229,0.5798,0.74915,0.4367,0.7754,"{""OPTIMAL"": 3}","[{""seed"": 0, ""status"": ""OPTIMAL"", ""proved_optimal"": true, ""runtime_s"": 0.7229, ""objective"": 41, ""source"": ""wsl"", ""reused_from"": null}, {""seed"": 1, ""status"": ""OPTIMAL"", ""proved_optimal"": true, ""runtime_s"": 0.7754, ""objective"": 44, ""source"": ""wsl"", ""reused_from"": null}, {""seed"": 2, ""status"": ""OPTIMAL"", ""proved_optimal"": true, ""runtime_s"": 0.4367, ""objective"": 21, ""source"": ""wsl"", ""reused_from"": null}]"
long600,setcover,240,optimathsat,3,0,inf,,,,,"{""TIMEOUT"": 3}","[{""seed"": 0, ""status"": ""TIMEOUT"", ""proved_optimal"": false, ""runtime_s"": 600.0245, ""objective"": null, ""source"": ""wsl"", ""reused_from"": null}, {""seed"": 1, ""status"": ""TIMEOUT"", ""proved_optimal"": false, ""runtime_s"": 600.0111, ""objective"": null, ""source"": ""wsl"", ""reused_from"": null}, {""seed"": 2, ""status"": ""TIMEOUT"", ""proved_optimal"": false, ""runtime_s"": 600.0122, ""objective"": null, ""source"": ""wsl"", ""reused_from"": null}]"
long600,setcover,240,scip,3,3,0.2909,0.20895,0.62225,0.127,0.9536,"{""OPTIMAL"": 3}","[{""seed"": 0, ""status"": ""OPTIMAL"", ""proved_optimal"": true, ""runtime_s"": 0.2909, ""objective"": 41, ""source"": ""wsl"", ""reused_from"": null}, {""seed"": 1, ""status"": ""OPTIMAL"", ""proved_optimal"": true, ""runtime_s"": 0.9536, ""objective"": 44, ""source"": ""wsl"", ""reused_from"": null}, {""seed"": 2, ""status"": ""OPTIMAL"", ""proved_optimal"": true, ""runtime_s"": 0.127, ""objective"": 21, ""source"": ""wsl"", ""reused_from"": null}]"
long600,setcover,240,z3,3,0,inf,,,,,"{""TIMEOUT"": 3}","[{""seed"": 0, ""status"": ""TIMEOUT"", ""proved_optimal"": false, ""runtime_s"": 600.0061, ""objective"": null, ""source"": ""wsl"", ""reused_from"": null}, {""seed"": 1, ""status"": ""TIMEOUT"", ""proved_optimal"": false, ""runtime_s"": 600.006, ""objective"": null, ""source"": ""wsl"", ""reused_from"": null}, {""seed"": 2, ""status"": ""TIMEOUT"", ""proved_optimal"": false, ""runtime_s"": 600.0094, ""objective"": null, ""source"": ""wsl"", ""reused_from"": null}]"
long600,setcover,320,cbc,3,3,0.6227,0.61695,1.01965,0.6112,1.4166,"{""OPTIMAL"": 3}","[{""seed"": 0, ""status"": ""OPTIMAL"", ""proved_optimal"": true, ""runtime_s"": 1.4166, ""objective"": 42, ""source"": ""wsl"", ""reused_from"": null}, {""seed"": 1, ""status"": ""OPTIMAL"", ""proved_optimal"": true, ""runtime_s"": 0.6112, ""objective"": 36, ""source"": ""wsl"", ""reused_from"": null}, {""seed"": 2, ""status"": ""OPTIMAL"", ""proved_optimal"": true, ""runtime_s"": 0.6227, ""objective"": 31, ""source"": ""wsl"", ""reused_from"": null}]"
long600,setcover,320,cplex-ind,3,3,0.1611,0.1471,0.17504999999999998,0.1331,0.189,"{""OPTIMAL"": 3}","[{""seed"": 0, ""status"": ""OPTIMAL"", ""proved_optimal"": true, ""runtime_s"": 0.1611, ""objective"": 42, ""source"": ""wsl"", ""reused_from"": null}, {""seed"": 1, ""status"": ""OPTIMAL"", ""proved_optimal"": true, ""runtime_s"": 0.1331, ""objective"": 36, ""source"": ""wsl"", ""reused_from"": null}, {""seed"": 2, ""status"": ""OPTIMAL"", ""proved_optimal"": true, ""runtime_s"": 0.189, ""objective"": 31, ""source"": ""wsl"", ""reused_from"": null}]"
long600,setcover,320,cpsat,3,3,36.0945,20.948549999999997,74.2519,5.8026,112.4093,"{""OPTIMAL"": 3}","[{""seed"": 0, ""status"": ""OPTIMAL"", ""proved_optimal"": true, ""runtime_s"": 112.4093, ""objective"": 42, ""source"": ""wsl"", ""reused_from"": null}, {""seed"": 1, ""status"": ""OPTIMAL"", ""proved_optimal"": true, ""runtime_s"": 5.8026, ""objective"": 36, ""source"": ""wsl"", ""reused_from"": null}, {""seed"": 2, ""status"": ""OPTIMAL"", ""proved_optimal"": true, ""runtime_s"": 36.0945, ""objective"": 31, ""source"": ""wsl"", ""reused_from"": null}]"
long600,setcover,320,gecode,3,0,inf,,,,,"{""SAT"": 3}","[{""seed"": 0, ""status"": ""SAT"", ""proved_optimal"": false, ""runtime_s"": 600.0, ""objective"": 154, ""source"": ""wsl"", ""reused_from"": null}, {""seed"": 1, ""status"": ""SAT"", ""proved_optimal"": false, ""runtime_s"": 600.0, ""objective"": 192, ""source"": ""wsl"", ""reused_from"": null}, {""seed"": 2, ""status"": ""SAT"", ""proved_optimal"": false, ""runtime_s"": 600.0, ""objective"": 127, ""source"": ""wsl"", ""reused_from"": null}]"
long600,setcover,320,gurobi-ind,3,3,0.3996,0.29964999999999997,0.43385,0.1997,0.4681,"{""OPTIMAL"": 3}","[{""seed"": 0, ""status"": ""OPTIMAL"", ""proved_optimal"": true, ""runtime_s"": 0.4681, ""objective"": 42, ""source"": ""wsl"", ""reused_from"": null}, {""seed"": 1, ""status"": ""OPTIMAL"", ""proved_optimal"": true, ""runtime_s"": 0.3996, ""objective"": 36, ""source"": ""wsl"", ""reused_from"": null}, {""seed"": 2, ""status"": ""OPTIMAL"", ""proved_optimal"": true, ""runtime_s"": 0.1997, ""objective"": 31, ""source"": ""wsl"", ""reused_from"": null}]"
long600,setcover,320,highs,3,3,2.2453,2.0754,2.82415,1.9055,3.403,"{""OPTIMAL"": 3}","[{""seed"": 0, ""status"": ""OPTIMAL"", ""proved_optimal"": true, ""runtime_s"": 3.403, ""objective"": 42, ""source"": ""wsl"", ""reused_from"": null}, {""seed"": 1, ""status"": ""OPTIMAL"", ""proved_optimal"": true, ""runtime_s"": 2.2453, ""objective"": 36, ""source"": ""wsl"", ""reused_from"": null}, {""seed"": 2, ""status"": ""OPTIMAL"", ""proved_optimal"": true, ""runtime_s"": 1.9055, ""objective"": 31, ""source"": ""wsl"", ""reused_from"": null}]"
long600,setcover,320,optimathsat,3,0,inf,,,,,"{""TIMEOUT"": 3}","[{""seed"": 0, ""status"": ""TIMEOUT"", ""proved_optimal"": false, ""runtime_s"": 600.0125, ""objective"": null, ""source"": ""wsl"", ""reused_from"": null}, {""seed"": 1, ""status"": ""TIMEOUT"", ""proved_optimal"": false, ""runtime_s"": 600.0088, ""objective"": null, ""source"": ""wsl"", ""reused_from"": null}, {""seed"": 2, ""status"": ""TIMEOUT"", ""proved_optimal"": false, ""runtime_s"": 600.0108, ""objective"": null, ""source"": ""wsl"", ""reused_from"": null}]"
long600,setcover,320,scip,3,3,2.1392,1.5464000000000002,2.21805,0.9536,2.2969,"{""OPTIMAL"": 3}","[{""seed"": 0, ""status"": ""OPTIMAL"", ""proved_optimal"": true, ""runtime_s"": 2.1392, ""objective"": 42, ""source"": ""wsl"", ""reused_from"": null}, {""seed"": 1, ""status"": ""OPTIMAL"", ""proved_optimal"": true, ""runtime_s"": 0.9536, ""objective"": 36, ""source"": ""wsl"", ""reused_from"": null}, {""seed"": 2, ""status"": ""OPTIMAL"", ""proved_optimal"": true, ""runtime_s"": 2.2969, ""objective"": 31, ""source"": ""wsl"", ""reused_from"": null}]"
long600,setcover,320,z3,3,0,inf,,,,,"{""TIMEOUT"": 3}","[{""seed"": 0, ""status"": ""TIMEOUT"", ""proved_optimal"": false, ""runtime_s"": 600.0085, ""objective"": null, ""source"": ""wsl"", ""reused_from"": null}, {""seed"": 1, ""status"": ""TIMEOUT"", ""proved_optimal"": false, ""runtime_s"": 600.0072, ""objective"": null, ""source"": ""wsl"", ""reused_from"": null}, {""seed"": 2, ""status"": ""TIMEOUT"", ""proved_optimal"": false, ""runtime_s"": 600.0085, ""objective"": null, ""source"": ""wsl"", ""reused_from"": null}]"
